d,payloadB,lanes,leg,direction,label,t0,t1,rssi_n,advPerMin,advCoverage,power_charging_18130c0f,power_charging_44a266c4,power_charging_4fecd00f,power_charging_6b819f64,power_charging_929a022c,power_charging_b7d04acb,power_charging_be3a5ef5,power_charging_c3cba742,power_charging_d5aedd63,power_charging_dbac04ef,power_charging_f5aee069,msg_sent,msg_recv,recv_rate,msg_delivered,msg_arrived,arrival_rate,delivery_rate,rtt_median_ms,rtt_p90_ms,applat_median_ms,active_s,msg_per_s,goodput_Bps,airB_per_msg,air_overhead,rssi_adv_mean,rssi_adv_std,rssi_conn_mean,rssi_conn_std,t_discovered_s,t_gattConnected_s,t_identified_s,t_connected_s,t_session_s,t_usable_s,discovered,gattConnected,identified,connected,session,usable,drop,power_mA_6b819f64,energy_mAh_6b819f64
,,,,,N=2 converge,1787054100088.0,1787054195002.0,165,97.4,0.938,True,True,True,True,True,True,True,True,True,True,True,0,0,,0,0,,,,,,,,,,,-32.0,1.1,-31.4,0.5,4.03,2.49,4.03,4.01,,,42,5,42,4,0,0,42,,
,,,,,N=2 M=1 t1,1787054195002.0,1787054320002.0,208,92.6,0.888,True,True,True,True,True,True,True,True,True,True,True,0,0,,0,0,,,,,,,,,,,-31.8,1.2,-31.4,1.3,5.58,4.77,5.58,5.57,,,54,4,54,4,0,0,2,,
,,,,,N=2 M=1 t2,1787054320002.0,1787054445001.0,224,99.4,0.936,True,True,True,True,True,True,True,True,True,True,True,0,0,,0,0,,,,,,,,,,,-32.9,4.6,-31.4,0.7,4.34,3.6,4.34,4.3,,,53,4,53,4,0,0,3,,
,,,,,N=3 converge,1787054445001.0,1787054510001.0,311,274.2,0.985,True,True,True,True,True,True,True,True,True,True,True,0,0,,0,0,,,,,,,,,,,-47.3,11.1,-36.6,10.7,3.13,2.27,3.13,3.11,44.1,,46,8,46,8,2,0,4,,
,,,,,N=3 M=1 t1,1787054510001.0,1787054635001.0,577,260.6,1.0,True,True,True,True,True,True,True,True,True,True,True,0,0,,0,0,,,,,,,,,,,-46.6,11.3,-47.0,11.1,2.61,0.27,2.61,2.56,,,97,18,97,10,0,0,11,,
,,,,,N=3 M=1 t2,1787054635001.0,1787054760002.0,590,276.5,0.976,True,True,True,True,True,True,True,True,True,True,True,0,0,,0,0,,,,,,,,,,,-46.8,11.1,-31.5,0.5,4.86,4.16,4.86,4.85,,,54,6,54,4,0,0,6,,
,,,,,N=3 M=2 t1,1787054760002.0,1787054885001.0,584,267.4,0.984,True,True,True,True,True,True,True,True,True,True,True,0,0,,0,0,,,,,,,,,,,-46.8,11.1,-43.3,11.8,4.2,3.35,4.2,4.19,24.96,,98,12,98,8,2,0,4,,
,,,,,N=3 M=2 t2,1787054885001.0,1787055010002.0,552,252.5,0.992,True,True,True,True,True,True,True,True,True,True,True,0,0,,0,0,,,,,,,,,,,-46.0,11.3,-42.3,11.7,8.27,7.46,8.26,8.18,,,74,10,74,9,0,0,10,,
,,,,,N=4 converge,1787055010002.0,1787055075002.0,451,411.7,1.0,True,True,True,True,True,True,True,True,True,True,True,0,0,,0,0,,,,,,,,,,,-44.6,10.3,-31.6,0.5,7.47,0.27,7.47,7.46,,,31,22,31,10,0,0,9,,
,,,,,N=4 M=1 t1,1787055075002.0,1787055200001.0,537,244.3,0.968,True,True,True,True,,True,True,True,True,True,True,0,0,,0,0,,,,,,,,,,,-46.2,11.3,-41.4,11.1,5.47,4.67,5.47,5.44,,,97,8,97,8,0,0,8,,
,,,,,N=4 M=1 t2,1787055200001.0,1787055325001.0,591,273.1,0.984,True,True,True,True,,True,True,True,True,True,True,0,0,,0,0,,,,,,,,,,,-46.8,11.0,-37.3,10.2,5.36,3.82,5.36,5.11,,,73,10,73,8,0,0,7,,
,,,,,N=4 M=2 t1,1787055325001.0,1787055450001.0,515,233.3,0.984,True,True,True,True,,True,True,True,True,True,True,0,0,,0,0,,,,,,,,,,,-45.7,11.4,-41.9,11.9,3.67,2.84,3.67,3.66,,,97,12,97,8,0,0,7,,
,,,,,N=4 M=2 t2,1787055450001.0,1787055575001.0,577,266.9,1.0,True,True,True,True,,True,True,True,True,True,True,0,0,,0,0,,,,,,,,,,,-47.2,11.2,-42.4,11.7,8.25,0.28,8.25,8.24,,,64,28,64,11,0,0,11,,
,,,,,N=4 M=3 t1,1787055575001.0,1787055700002.0,570,259.7,0.976,True,True,True,True,,True,True,True,True,True,True,0,0,,0,0,,,,,,,,,,,-47.1,11.0,-41.2,12.2,5.46,4.7,5.45,5.43,,,91,8,91,8,0,0,7,,
,,,,,N=4 M=3 t2,1787055700002.0,1787055825001.0,530,237.6,0.984,True,True,True,True,,True,True,True,True,True,True,0,0,,0,0,,,,,,,,,,,-47.4,11.1,-42.1,10.7,5.2,3.59,5.2,4.99,,,95,16,95,8,0,0,7,,
,,,,,N=5 converge,1787055825001.0,1787055890002.0,301,267.7,0.985,True,True,True,True,,True,True,True,True,True,True,0,0,,0,0,,,,,,,,,,,-47.4,11.7,-39.6,11.5,2.67,1.85,2.67,2.66,,,42,8,42,8,0,0,7,,
,,,,,N=5 M=1 t1,1787055890002.0,1787056015001.0,583,264.5,1.0,True,True,True,True,,True,True,True,True,True,True,0,0,,0,0,,,,,,,,,,,-46.8,11.4,-44.1,12.5,2.64,0.26,2.63,2.58,,,109,14,109,8,0,0,8,,
,,,,,N=5 M=1 t2,1787056015001.0,1787056140002.0,553,257.8,0.976,True,True,True,True,,True,True,True,True,True,True,0,0,,0,0,,,,,,,,,,,-47.2,11.2,-31.8,0.4,4.89,4.12,4.89,4.85,,,54,6,54,4,0,0,7,,
,,,,,N=5 M=2 t1,1787056140002.0,1787056265001.0,463,209.8,0.984,True,True,True,True,,True,True,True,True,True,True,0,0,,0,0,,,,,,,,,,,-49.7,9.7,-43.3,12.0,4.02,3.02,4.02,3.74,,,109,10,109,8,0,0,4,,
,,,,,N=5 M=2 t2,1787056265001.0,1787056390001.0,549,253.4,0.992,True,True,True,True,,True,True,True,True,True,True,0,0,,0,0,,,,,,,,,,,-46.1,11.4,-39.0,10.7,10.39,2.04,10.39,10.11,,,54,13,54,8,0,0,8,,
,,,,,N=5 M=3 t1,1787056390001.0,1787056515001.0,527,240.5,1.0,True,True,True,True,,True,True,True,True,True,True,0,0,,0,0,,,,,,,,,,,-46.5,11.3,-41.3,11.4,8.19,0.26,8.19,8.12,,,92,17,92,8,0,0,7,,
,,,,,N=5 M=3 t2,1787056515001.0,1787056640001.0,535,244.3,0.968,True,True,True,True,,True,True,True,True,True,True,0,0,,0,0,,,,,,,,,,,-45.5,11.4,-43.7,11.6,25.52,4.03,25.52,25.46,,,90,14,90,8,0,0,7,,
,,,,,N=5 M=4 t1,1787056640001.0,1787056765001.0,509,233.8,0.984,True,True,True,True,,True,True,True,True,True,True,0,0,,0,0,,,,,,,,,,,-46.3,11.2,-38.0,10.2,8.03,7.27,8.03,8.02,,,86,16,86,8,0,0,8,,
,,,,,N=5 M=4 t2,1787056765001.0,1787056890001.0,528,241.9,0.992,True,True,True,True,,True,True,True,True,True,True,0,0,,0,0,,,,,,,,,,,-45.8,11.8,-40.8,11.4,8.43,2.26,8.43,8.3,124.31,,99,19,99,14,2,0,8,,
,,,,,N=6 converge,1787056890001.0,1787056955001.0,549,485.5,1.0,True,True,True,True,,True,True,True,True,True,True,0,0,,0,0,,,,,,,,,,,-51.2,14.1,-44.5,15.0,4.89,0.23,4.89,4.76,,,65,36,65,16,0,0,17,,
,,,,,N=6 M=1 t1,1787056955001.0,1787057080001.0,1108,505.0,0.976,True,True,True,True,,True,True,True,True,True,True,0,0,,0,0,,,,,,,,,,,-51.3,14.7,-44.9,13.4,5.13,4.05,5.13,5.11,78.28,,188,34,188,24,2,0,20,,
,,,,,N=6 M=1 t2,1787057080001.0,1787057205001.0,1017,466.1,0.984,True,True,True,True,,True,True,True,True,True,True,0,0,,0,0,,,,,,,,,,,-50.6,14.8,-43.8,14.7,4.19,3.06,4.19,3.86,,,162,33,162,25,0,0,30,,
,,,,,N=6 M=2 t1,1787057205001.0,1787057330002.0,1068,490.1,0.992,True,True,True,True,,True,True,True,True,True,True,0,0,,0,0,,,,,,,,,,,-50.3,14.6,-42.3,26.1,4.15,0.79,4.15,4.09,,,165,39,165,24,0,0,23,,
,,,,,N=6 M=2 t2,1787057330002.0,1787057455001.0,1129,518.4,1.0,True,True,True,True,,True,True,True,True,True,True,0,0,,0,0,,,,,,,,,,,-50.3,14.3,-43.5,11.7,10.25,0.4,10.25,10.18,,,174,47,174,20,0,0,16,,
,,,,,N=6 M=3 t1,1787057455001.0,1787057580002.0,1062,481.4,0.976,True,True,True,True,,True,True,True,True,True,True,0,0,,0,0,,,,,,,,,,,-50.9,14.5,-42.5,11.9,5.81,4.68,5.81,5.79,,,201,26,201,20,0,0,19,,
,,,,,N=6 M=3 t2,1787057580002.0,1787057705001.0,1023,469.0,0.984,True,True,True,True,,True,True,True,True,True,True,0,0,,0,0,,,,,,,,,,,-50.6,14.9,-40.9,14.0,11.88,2.81,11.88,4.21,,,112,48,112,24,0,0,26,,
,,,,,N=6 M=4 t1,1787057705001.0,1787057830001.0,1132,521.3,0.992,True,True,True,True,,True,True,True,True,True,True,0,0,,0,0,,,,,,,,,,,-51.5,14.2,-41.9,10.4,4.38,0.79,4.38,4.3,,,165,41,165,24,0,0,21,,
,,,,,N=6 M=4 t2,1787057830001.0,1787057955002.0,1027,481.0,1.0,True,True,True,True,,True,True,True,True,True,True,0,0,,0,0,,,,,,,,,,,-49.8,14.0,-45.1,15.6,6.98,0.26,6.98,6.73,,,150,46,150,24,0,0,23,,
,,,,,N=6 M=5 t1,1787057955002.0,1787058080001.0,1152,533.8,0.976,True,True,True,True,,True,True,True,True,True,True,0,0,,0,0,,,,,,,,,,,-51.0,14.2,-40.0,9.4,10.02,3.44,10.02,9.94,,,146,31,146,21,0,0,21,,
,,,,,N=6 M=5 t2,1787058080001.0,1787058205001.0,1115,513.1,0.984,True,True,True,True,,True,True,True,True,True,True,0,0,,0,0,,,,,,,,,,,-50.4,14.5,-41.2,12.3,4.89,4.09,4.89,4.87,,,181,37,181,26,0,0,20,,
,,,,,N=7 converge,1787058205001.0,1787058270001.0,913,804.9,1.0,True,True,True,True,,True,True,True,True,True,True,0,0,,0,0,,,,,,,,,,,-53.4,13.4,-41.8,10.2,3.73,0.83,3.73,3.58,12.46,,126,69,126,32,2,0,27,,
,,,,,N=7 M=1 t1,1787058270001.0,1787058395002.0,1558,703.2,1.0,True,True,True,True,,True,True,True,True,True,True,0,0,,0,0,,,,,,,,,,,-52.2,13.7,-41.6,9.3,4.87,0.46,4.87,4.84,,,277,45,277,24,0,0,24,,
,,,,,N=7 M=1 t2,1787058395002.0,1787058520002.0,1651,750.2,0.984,True,True,True,True,,True,True,True,True,True,True,0,0,,0,0,,,,,,,,,,,-52.5,13.7,-40.4,11.6,4.42,3.32,4.42,4.41,,,304,47,304,30,0,0,30,,
,,,,,N=7 M=2 t1,1787058520002.0,1787058645004.0,1496,663.3,0.992,True,True,True,True,,True,True,True,True,True,True,0,0,,0,0,,,,,,,,,,,-52.7,13.7,-43.0,12.1,3.48,2.32,3.48,3.47,6.01,,349,53,349,39,2,0,34,,
,,,,,N=7 M=2 t2,1787058645004.0,1787058770001.0,1626,736.3,1.0,True,True,True,True,,True,True,True,True,True,True,0,0,,0,0,,,,,,,,,,,-52.8,13.5,-43.3,13.6,3.33,0.8,3.32,3.27,,,290,74,290,42,0,0,44,,
,,,,,N=7 M=3 t1,1787058770001.0,1787058895001.0,1657,753.1,1.0,True,True,True,True,,True,True,True,True,True,True,0,0,,0,0,,,,,,,,,,,-53.2,13.7,-43.6,11.5,3.15,0.22,3.15,3.13,,,301,69,301,40,0,0,37,,
,,,,,N=7 M=3 t2,1787058895001.0,1787059020004.0,1634,734.9,0.984,True,True,True,True,,True,True,True,True,True,True,0,0,,0,0,,,,,,,,,,,-53.8,13.9,-42.8,11.9,4.36,3.37,4.36,4.35,,,331,44,331,37,0,0,37,,
,,,,,N=7 M=4 t1,1787059020004.0,1787059145001.0,1725,780.5,0.992,True,True,True,True,,True,True,True,True,True,True,0,0,,0,0,,,,,,,,,,,-53.2,13.8,-43.7,11.1,7.57,2.48,7.57,7.48,,,298,50,298,28,0,0,27,,
,,,,,N=7 M=4 t2,1787059145001.0,1787059270001.0,1687,757.4,1.0,True,True,True,True,,True,True,True,True,True,True,0,0,,0,0,,,,,,,,,,,-52.8,13.8,-41.6,9.5,2.43,0.01,2.43,2.37,,,288,56,288,28,0,0,28,,
,,,,,N=7 M=5 t1,1787059270001.0,1787059395002.0,1590,723.4,0.992,True,True,True,True,,True,True,True,True,True,True,0,0,,0,0,,,,,,,,,,,-52.9,14.0,-43.0,12.8,5.72,0.21,5.72,5.65,,,269,79,269,41,0,0,41,,
,,,,,N=7 M=5 t2,1787059395002.0,1787059520001.0,1707,775.2,0.984,True,True,True,True,,True,True,True,True,True,True,0,0,,0,0,,,,,,,,,,,-52.8,13.7,-42.0,10.3,5.07,3.63,5.07,5.04,,,261,52,261,28,0,0,28,,
,,,,,N=7 M=6 t1,1787059520001.0,1787059645002.0,1753,803.0,0.992,True,True,True,True,,True,True,True,True,True,True,0,0,,0,0,,,,,,,,,,,-53.5,13.4,-41.4,11.3,3.49,2.38,3.49,3.48,,,298,58,298,40,0,0,40,,
,,,,,N=7 M=6 t2,1787059645002.0,1787059770001.0,1826,833.8,0.992,True,True,True,True,,True,True,True,True,True,True,0,0,,0,0,,,,,,,,,,,-53.4,13.7,-41.8,11.3,2.92,0.79,2.91,2.82,,,285,94,285,56,0,0,59,,
,,,,,N=8 converge,1787059770001.0,1787059835001.0,1087,954.5,1.0,True,True,True,True,,True,True,True,True,True,True,0,0,,0,0,,,,,,,,,,,-53.0,14.0,-32.0,9.9,5.26,0.26,5.26,5.2,,,157,69,157,36,0,0,33,,
,,,,,N=8 M=1 t1,1787059835001.0,1787059960001.0,1958,866.9,0.984,True,True,True,True,,True,True,True,True,True,True,0,0,,0,0,,,,,,,,,,,-52.2,14.0,-36.0,14.0,4.74,2.7,4.74,4.69,,,439,70,439,54,0,0,38,,
,,,,,N=8 M=1 t2,1787059960001.0,1787060085001.0,1766,778.1,0.992,True,True,True,True,,True,True,True,True,True,True,0,0,,0,0,,,,,,,,,,,-51.1,13.9,-37.2,14.8,4.37,1.72,4.37,4.34,,,438,72,438,64,0,0,68,,
,,,,,N=8 M=2 t1,1787060085001.0,1787060210001.0,1689,739.2,1.0,True,True,True,True,,True,True,True,True,True,True,0,0,,0,0,,,,,,,,,,,-51.4,13.6,-36.7,14.4,4.04,0.71,4.04,3.98,,,378,125,378,74,0,0,74,,
,,,,,N=8 M=2 t2,1787060210001.0,1787060335003.0,1822,813.1,1.0,True,True,True,True,,True,True,True,True,True,True,0,0,,0,0,,,,,,,,,,,-51.1,13.8,-34.8,12.7,6.63,0.37,6.62,6.5,,,393,94,393,68,0,0,74,,
,,,,,N=8 M=3 t1,1787060335003.0,1787060460003.0,1855,835.7,0.992,True,True,True,True,,True,True,True,True,True,True,0,0,,0,0,,,,,,,,,,,-51.0,13.9,-34.2,12.2,6.63,2.8,6.63,6.58,,,259,67,259,40,0,0,48,,
,,,,,N=8 M=3 t2,1787060460003.0,1787060585001.0,1793,824.2,0.992,True,True,True,True,,True,True,True,True,True,True,0,0,,0,0,,,,,,,,,,,-50.9,14.4,-36.2,13.0,3.45,1.8,3.45,3.32,,,218,76,218,36,0,0,40,,
,,,,,N=8 M=4 t1,1787060585001.0,1787060710002.0,1891,858.2,1.0,True,True,True,True,,True,True,True,True,True,True,0,0,,0,0,,,,,,,,,,,-51.5,13.8,-33.6,12.7,3.8,0.71,3.8,3.54,,,253,71,253,32,0,0,26,,
,,,,,N=8 M=4 t2,1787060710002.0,1787060835001.0,1982,909.6,1.0,True,True,True,True,,True,True,True,True,True,True,0,0,,0,0,,,,,,,,,,,-52.5,13.4,-30.4,10.3,5.38,0.29,5.38,5.31,,,199,61,199,24,0,0,28,,
,,,,,N=8 M=5 t1,1787060835001.0,1787060960001.0,1905,861.6,0.984,True,True,True,True,,True,True,True,True,True,True,0,0,,0,0,,,,,,,,,,,-52.0,13.8,-36.1,13.6,4.22,2.8,4.22,4.13,,,255,48,255,28,0,0,28,,
,,,,,N=8 M=5 t2,1787060960001.0,1787061085001.0,1755,795.8,0.992,True,True,True,True,,True,True,True,True,True,True,0,0,,0,0,,,,,,,,,,,-51.9,14.0,-29.9,9.6,3.96,1.72,3.96,3.95,,,255,57,255,28,0,0,32,,
,,,,,N=8 M=6 t1,1787061085001.0,1787061210001.0,1862,844.8,1.0,True,True,True,True,,True,True,True,True,True,True,0,0,,0,0,,,,,,,,,,,-51.3,14.1,-32.2,11.4,3.56,0.73,3.56,3.48,32.97,,279,64,279,38,2,0,30,,
,,,,,N=8 M=6 t2,1787061210001.0,1787061335001.0,1946,901.0,1.0,True,True,True,True,,True,True,True,True,True,True,0,0,,0,0,,,,,,,,,,,-51.9,13.9,-31.3,10.7,4.66,0.26,4.66,4.59,,,243,85,243,36,0,0,32,,
,,,,,N=8 M=7 t1,1787061335001.0,1787061460002.0,1956,886.1,0.984,True,True,True,True,,True,True,True,True,True,True,0,0,,0,0,,,,,,,,,,,-52.5,13.8,-36.3,13.7,4.14,2.8,4.14,4.05,,,273,75,273,44,0,0,46,,
,,,,,N=8 M=7 t2,1787061460002.0,1787061585003.0,1971,905.8,0.984,True,True,True,True,,True,True,True,True,True,True,0,0,,0,0,,,,,,,,,,,-52.7,13.6,-33.6,15.3,3.6,1.8,3.6,3.51,,,197,73,197,26,0,0,36,,
,,,,,N=9 converge,1787061585003.0,1787061650001.0,1419,1257.3,1.0,True,True,True,True,,True,True,True,True,True,True,0,0,,0,0,,,,,,,,,,,-54.0,13.2,-42.3,17.2,3.99,0.71,3.98,3.87,,,157,84,157,36,0,0,20,,
,,,,,N=9 M=1 t1,1787061650001.0,1787061775002.0,2754,1254.2,1.0,True,True,True,True,,True,True,True,True,True,True,0,0,,0,0,,,,,,,,,,,-54.0,13.3,-38.4,16.3,6.67,0.26,6.67,6.59,,,456,80,456,46,0,0,40,,
,,,,,N=9 M=1 t2,1787061775002.0,1787061900004.0,2793,1240.8,0.984,True,True,True,True,,True,True,True,True,True,True,0,0,,0,0,,,,,,,,,,,-54.0,13.2,-42.6,15.8,5.21,2.73,5.21,5.21,,,523,81,523,56,0,0,54,,
,,,,,N=9 M=2 t1,1787061900004.0,1787062025001.0,2320,1030.1,0.992,True,True,True,True,,True,True,True,True,True,True,0,0,,0,0,,,,,,,,,,,-54.4,13.2,-42.2,15.2,3.16,1.77,3.16,3.06,,,447,88,447,52,0,0,60,,
,,,,,N=9 M=2 t2,1787062025001.0,1787062150002.0,2393,1065.1,1.0,True,True,True,True,,True,True,True,True,True,True,0,0,,0,0,,,,,,,,,,,-54.6,12.9,-43.9,16.5,3.54,0.72,3.54,3.25,51.06,,430,91,430,60,2,0,62,,
,,,,,N=9 M=3 t1,1787062150002.0,1787062275004.0,2635,1181.7,1.0,True,True,True,True,,True,True,True,True,True,True,0,0,,0,0,,,,,,,,,,,-54.2,13.3,-45.3,15.8,3.39,0.27,3.39,3.33,,,408,75,408,50,0,0,44,,
,,,,,N=9 M=3 t2,1787062275004.0,1787062400001.0,2706,1215.9,0.984,True,True,True,True,,True,True,True,True,True,True,0,0,,0,0,,,,,,,,,,,-54.9,12.7,-46.6,17.4,5.36,2.77,5.36,5.34,,,444,75,444,60,0,0,56,,
,,,,,N=9 M=4 t1,1787062400001.0,1787062525001.0,2689,1234.1,0.992,True,True,True,True,,True,True,True,True,True,True,0,0,,0,0,,,,,,,,,,,-54.3,13.2,-43.5,18.5,3.75,1.76,3.75,3.74,,,339,50,339,32,0,0,44,,
,,,,,N=9 M=4 t2,1787062525001.0,1787062650002.0,2794,1272.9,1.0,True,True,True,True,,True,True,True,True,True,True,0,0,,0,0,,,,,,,,,,,-54.4,13.1,-40.5,17.1,5.92,0.7,5.92,5.68,,,347,62,347,32,0,0,32,,
,,,,,N=9 M=5 t1,1787062650002.0,1787062775001.0,2821,1277.8,0.992,True,True,True,True,,True,True,True,True,True,True,0,0,,0,0,,,,,,,,,,,-54.9,12.9,-41.1,17.8,2.86,0.39,2.86,2.82,,,410,68,410,48,0,0,44,,
,,,,,N=9 M=5 t2,1787062775001.0,1787062900002.0,2194,993.6,0.984,True,True,True,True,,True,True,True,True,True,True,0,0,,0,0,,,,,,,,,,,-53.7,13.5,-43.0,15.8,4.14,2.74,4.14,4.05,,,297,44,297,32,0,0,43,,
,,,,,N=9 M=6 t1,1787062900002.0,1787063025002.0,2776,1274.9,0.992,True,True,True,True,,True,True,True,True,True,True,0,0,,0,0,,,,,,,,,,,-55.1,12.9,-40.9,18.9,3.43,1.7,3.43,3.25,,,339,51,339,36,0,0,28,,
,,,,,N=9 M=6 t2,1787063025002.0,1787063150002.0,2876,1315.7,0.992,True,True,True,True,,True,True,True,True,True,True,0,0,,0,0,,,,,,,,,,,-54.2,13.0,-44.3,18.0,3.46,0.71,3.46,3.44,,,326,70,326,40,0,0,40,,
,,,,,N=9 M=7 t1,1787063150002.0,1787063275001.0,2817,1315.7,1.0,True,True,True,True,,True,True,True,True,True,True,0,0,,0,0,,,,,,,,,,,-54.4,13.1,-43.7,18.4,5.49,0.38,5.49,5.42,,,174,69,174,28,0,0,35,,
,,,,,N=9 M=7 t2,1787063275001.0,1787063400001.0,2673,1230.7,0.984,True,True,True,True,,True,True,True,True,True,True,0,0,,0,0,,,,,,,,,,,-54.1,13.3,-46.8,17.4,8.54,2.74,8.54,8.45,,,216,64,216,24,0,0,24,,
,,,,,N=9 M=8 t1,1787063400001.0,1787063525002.0,2836,1315.2,0.992,True,True,True,True,,True,True,True,True,True,True,0,0,,0,0,,,,,,,,,,,-54.3,13.3,-42.5,18.0,3.51,1.76,3.51,3.43,,,250,58,250,34,0,0,34,,
,,,,,N=9 M=8 t2,1787063525002.0,1787063650004.0,2777,1262.9,1.0,True,True,True,True,,True,True,True,True,True,True,0,0,,0,0,,,,,,,,,,,-54.8,12.9,-43.2,18.2,3.55,0.72,3.55,3.44,,,333,67,333,36,0,0,28,,
,,,,,N=10 converge,1787063650004.0,1787063715004.0,1459,1284.0,1.0,True,True,True,True,,True,True,True,True,True,True,0,0,,0,0,,,,,,,,,,,-56.7,13.7,-41.9,13.7,5.06,0.26,5.05,4.96,,,209,100,209,54,0,0,50,,
,,,,,N=10 M=1 t1,1787063715004.0,1787063840005.0,3502,1588.3,0.984,True,True,True,True,,True,True,True,True,True,True,0,0,,0,0,,,,,,,,,,,-56.3,13.2,-46.7,13.7,4.18,2.66,4.18,4.15,,,517,87,517,60,0,0,50,,
,,,,,N=10 M=1 t2,1787063840005.0,1787063965005.0,3378,1513.9,0.992,True,True,True,True,,True,True,True,True,True,True,0,0,,0,0,,,,,,,,,,,-56.9,13.2,-44.7,15.4,3.32,1.66,3.32,3.22,,,598,75,598,64,0,0,54,,
,,,,,N=10 M=2 t1,1787063965005.0,1787064090004.0,3161,1428.5,1.0,True,True,True,True,,True,True,True,True,True,True,0,0,,0,0,,,,,,,,,,,-56.7,13.2,-47.1,16.1,4.95,0.66,4.94,4.93,,,491,125,491,62,0,0,66,,
,,,,,N=10 M=2 t2,1787064090004.0,1787064215004.0,3770,1725.1,0.984,True,True,True,True,,True,True,True,True,True,True,0,0,,0,0,,,,,,,,,,,-56.9,13.0,-47.2,17.0,5.41,0.64,5.41,5.28,,,485,75,485,44,0,0,52,,
,,,,,N=10 M=3 t1,1787064215004.0,1787064340005.0,3349,1519.2,0.992,True,True,True,True,,True,True,True,True,True,True,0,0,,0,0,,,,,,,,,,,-56.7,12.9,-43.3,16.2,4.59,2.66,4.59,4.5,,,478,105,478,56,0,0,48,,
,,,,,N=10 M=3 t2,1787064340005.0,1787064465004.0,3740,1726.6,0.992,True,True,True,True,,True,True,True,True,True,True,0,0,,0,0,,,,,,,,,,,-56.5,12.8,-47.5,16.5,3.24,1.66,3.24,3.15,,,369,71,369,34,0,0,53,,
,,,,,N=10 M=4 t1,1787064465004.0,1787064590004.0,2939,1343.5,1.0,True,True,True,True,,True,True,True,True,True,True,0,0,,0,0,,,,,,,,,,,-56.5,13.5,-46.5,15.5,2.15,0.66,2.15,2.0,,,325,119,325,48,0,0,44,,
,,,,,N=10 M=4 t2,1787064590004.0,1787064715004.0,3480,1616.2,1.0,True,True,True,True,,True,True,True,True,True,True,0,0,,0,0,,,,,,,,,,,-56.0,13.1,-45.3,15.3,5.13,0.23,5.13,5.11,,,279,100,279,42,0,0,46,,
,,,,,N=10 M=5 t1,1787064715004.0,1787064840004.0,3365,1536.0,0.984,True,True,True,True,,True,True,True,True,True,True,0,0,,0,0,,,,,,,,,,,-56.0,13.6,-50.8,12.4,4.76,2.66,4.76,4.65,,,393,91,393,42,0,0,38,,
,,,,,N=10 M=5 t2,1787064840004.0,1787064965003.0,3566,1665.1,0.992,True,True,True,True,,True,True,True,True,True,True,0,0,,0,0,,,,,,,,,,,-56.4,13.3,-42.6,12.3,3.88,1.65,3.88,3.81,,,228,81,228,26,0,0,36,,
,,,,,N=10 M=6 t1,1787064965003.0,1787065090005.0,3294,1546.5,1.0,True,True,True,True,,True,True,True,True,True,True,0,0,,0,0,,,,,,,,,,,-56.1,13.2,-43.9,16.0,2.03,0.67,2.03,1.89,,,165,91,165,21,0,0,31,,
,,,,,N=10 M=6 t2,1787065090005.0,1787065215004.0,3530,1653.1,1.0,True,True,True,True,,True,True,True,True,True,True,0,0,,0,0,,,,,,,,,,,-55.7,13.3,-57.5,8.2,5.18,0.38,5.18,5.09,,,239,75,239,28,0,0,16,,
,,,,,N=10 M=7 t1,1787065215004.0,1787065340006.0,3071,1433.7,0.984,True,True,True,True,,True,True,True,True,True,True,0,0,,0,0,,,,,,,,,,,-55.9,13.5,-41.2,14.5,4.58,2.66,4.58,4.53,,,197,68,197,20,0,0,27,,
,,,,,N=10 M=7 t2,1787065340006.0,1787065465004.0,3121,1459.2,1.0,True,True,True,True,,True,True,True,True,True,True,0,0,,0,0,,,,,,,,,,,-56.1,13.4,-40.5,17.0,3.69,1.66,3.69,3.61,,,216,83,216,26,0,0,22,,
,,,,,N=10 M=8 t1,1787065465004.0,1787065590004.0,3258,1498.6,1.0,True,True,True,True,,True,True,True,True,True,True,0,0,,0,0,,,,,,,,,,,-56.4,13.2,-44.9,18.0,4.16,0.66,4.16,4.06,,,322,107,322,36,0,0,28,,
,,,,,N=10 M=8 t2,1787065590004.0,1787065715005.0,3221,1483.7,1.0,True,True,True,True,,True,True,True,True,True,True,0,0,,0,0,,,,,,,,,,,-56.0,13.7,-44.3,17.2,6.06,0.27,6.06,5.8,,,350,86,350,32,0,0,32,,
,,,,,N=10 M=9 t1,1787065715005.0,1787065840005.0,3368,1566.7,0.984,True,True,True,True,,True,True,True,True,True,True,0,0,,0,0,,,,,,,,,,,-55.9,13.1,-42.0,18.7,4.84,2.66,4.84,4.7,,,235,85,235,28,0,0,32,,
,,,,,N=10 M=9 t2,1787065840005.0,1787065965013.0,2985,1387.1,1.0,True,True,True,True,,True,True,True,True,True,True,0,0,,0,0,,,,,,,,,,,-55.3,13.7,-49.9,11.0,3.34,1.68,3.34,3.24,,,217,94,217,28,0,0,30,,
,,,,,N=11 converge,1787065965013.0,1787066030015.0,2081,1871.0,1.0,True,True,True,True,,True,True,True,True,True,True,0,0,,0,0,,,,,,,,,,,-54.6,13.4,-47.7,9.2,2.48,0.65,2.48,2.37,25.06,,116,81,116,28,2,0,26,,
,,,,,N=11 M=1 t1,1787066030015.0,1787066155014.0,4383,2031.4,1.0,True,True,True,True,,True,True,True,True,True,True,0,0,,0,0,,,,,,,,,,,-54.9,13.0,-46.7,13.8,5.49,0.4,5.49,5.42,,,415,90,415,38,0,0,30,162.2,0.0
,,,,,N=11 M=1 t2,1787066155014.0,1787066280177.0,4608,2117.4,0.983,True,True,True,,,True,True,True,True,True,True,0,0,,0,0,,,,,,,,,,,-55.3,13.0,-45.4,15.0,4.39,2.65,4.39,4.33,9.68,,485,97,485,52,4,0,86,146.9,-2.0
,,,,,N=11 M=2 t1,1787066280177.0,1787066405015.0,4205,1928.7,0.993,True,True,True,,,True,True,True,True,True,True,0,0,,0,0,,,,,,,,,,,-54.6,13.1,-43.3,13.6,2.29,1.5,2.28,2.24,65.12,,476,121,476,62,4,0,17,145.3,-2.0
,,,,,N=11 M=2 t2,1787066405015.0,1787066530016.0,4108,1903.7,1.008,True,True,True,,,True,True,True,True,True,True,0,0,,0,0,,,,,,,,,,,-55.2,12.8,-42.7,15.1,2.17,0.66,2.17,2.16,,,318,123,318,40,0,0,49,114.2,-4.0
,,,,,N=11 M=3 t1,1787066530016.0,1787066655014.0,4135,1898.4,1.0,True,True,True,,,True,True,True,True,True,True,0,0,,0,0,,,,,,,,,,,-55.0,13.2,-45.7,13.7,5.62,0.38,5.62,5.53,,,433,93,433,48,0,0,45,125.9,-4.0
,,,,,N=11 M=3 t2,1787066655014.0,1787066780206.0,3853,1759.9,0.982,True,True,True,,,True,True,True,True,True,True,0,0,,0,0,,,,,,,,,,,-55.2,13.2,-46.2,15.5,3.52,2.65,3.52,3.51,,,430,101,430,46,0,0,84,91.7,-4.0
,,,,,N=11 M=4 t1,1787066780206.0,1787066905014.0,3683,1693.2,0.994,True,True,True,,,True,True,True,True,True,True,0,0,,0,0,,,,,,,,,,,-55.0,13.0,-43.5,15.8,2.52,1.46,2.51,2.25,,,388,105,388,42,0,0,13,158.8,-2.0
,,,,,N=11 M=4 t2,1787066905014.0,1787067030044.0,3805,1756.9,1.0,True,True,True,,,True,True,True,True,True,True,0,0,,0,0,,,,,,,,,,,-55.1,12.9,-44.6,13.9,3.47,0.12,3.47,3.43,,,354,143,354,44,0,0,49,133.1,-2.0
,,,,,N=11 M=5 t1,1787067030044.0,1787067155015.0,3686,1703.0,0.976,True,True,True,,,True,True,True,True,True,True,0,0,,0,0,,,,,,,,,,,-55.1,13.2,-39.1,16.3,4.72,0.58,4.72,4.67,,,373,103,373,48,0,0,37,112.8,-2.0
,,,,,N=11 M=5 t2,1787067155015.0,1787067280186.0,3722,1717.0,0.983,True,True,True,,,True,True,True,True,True,True,0,0,,0,0,,,,,,,,,,,-55.0,13.4,-44.5,16.5,4.2,2.66,4.2,3.96,,,345,102,345,42,0,0,74,133.1,-2.0
,,,,,N=11 M=6 t1,1787067280186.0,1787067405014.0,3909,1794.3,0.993,True,True,True,,,True,True,True,True,True,True,0,0,,0,0,,,,,,,,,,,-54.6,13.5,-46.1,13.9,2.78,1.48,2.78,2.77,,,416,90,416,44,0,0,13,111.9,-4.0
,,,,,N=11 M=6 t2,1787067405014.0,1787067530011.0,3481,1608.0,1.0,True,True,True,True,,True,True,True,True,True,True,0,0,,0,0,,,,,,,,,,,-54.9,13.6,-41.5,17.3,2.49,0.66,2.49,2.44,,,319,129,319,42,0,0,42,150.9,-2.0
,,,,,N=11 M=7 t1,1787067530011.0,1787067655015.0,3846,1765.9,1.0,True,True,True,True,,True,True,True,True,True,True,0,0,,0,0,,,,,,,,,,,-54.3,13.2,-42.9,15.2,4.94,0.28,4.93,4.86,,,390,88,390,40,0,0,38,,
,,,,,N=11 M=7 t2,1787067655015.0,1787067780018.0,3718,1711.6,0.984,True,True,True,True,,True,True,True,True,True,True,0,0,,0,0,,,,,,,,,,,-53.8,13.4,-44.6,14.0,3.33,2.65,3.33,3.26,,,352,99,352,40,0,0,39,,
,,,,,N=11 M=8 t1,1787067780018.0,1787067905014.0,3785,1723.7,0.992,True,True,True,True,,True,True,True,True,True,True,0,0,,0,0,,,,,,,,,,,-55.0,13.2,-41.2,15.3,2.73,1.65,2.73,2.68,,,435,97,435,52,0,0,53,,
,,,,,N=11 M=8 t2,1787067905014.0,1787068030015.0,3833,1768.3,1.0,True,True,True,True,,True,True,True,True,True,True,0,0,,0,0,,,,,,,,,,,-54.6,13.3,-42.8,14.3,3.67,0.66,3.67,3.64,,,373,112,373,44,0,0,47,,
,,,,,N=11 M=9 t1,1787068030015.0,1787068155016.0,3863,1798.5,1.0,True,True,True,True,,True,True,True,True,True,True,0,0,,0,0,,,,,,,,,,,-54.3,13.3,-44.2,15.4,4.66,0.45,4.65,4.6,,,302,103,302,40,0,0,38,,
,,,,,N=11 M=9 t2,1787068155016.0,1787068280015.0,3775,1729.0,0.984,True,True,True,True,,True,True,True,True,True,True,0,0,,0,0,,,,,,,,,,,-54.7,13.1,-44.8,11.7,4.68,2.66,4.68,4.56,,,421,121,421,46,0,0,45,,
,,,,,N=11 M=10 t1,1787068280015.0,1787068405016.0,3732,1724.6,0.992,True,True,True,True,,True,True,True,True,True,True,0,0,,0,0,,,,,,,,,,,-54.9,13.4,-43.4,14.2,4.61,1.65,4.61,4.3,,,335,106,335,38,0,0,41,,
,,,,,N=11 M=10 t2,1787068405016.0,1787068525008.0,3307,1582.6,1.0,True,True,True,True,,True,True,True,True,True,True,0,0,,0,0,,,,,,,,,,,-55.2,13.1,-44.8,14.1,2.9,0.65,2.9,2.79,,,353,96,353,53,0,0,55,,
