messageId,sender,sentAt,payloadSize,deliveredAt,latencyMs
f384c5a7-704b-5c6a-b201-f86b9b18d33b,e68e3f8ddf20659c82e8950db941dd31c462487cd249e3d748bff0e00468ea73,1785255156880,184.0,1785255157019.0,139.0
c7a1c823-19ef-553a-9bce-d803da784e64,e68e3f8ddf20659c82e8950db941dd31c462487cd249e3d748bff0e00468ea73,1785255156895,184.0,1785255157022.0,127.0
f83bfb3f-cd96-5039-93f8-f7badde0a39d,e68e3f8ddf20659c82e8950db941dd31c462487cd249e3d748bff0e00468ea73,1785255156895,184.0,1785255157024.0,129.0
4dc2ee8e-f10c-5c99-b5d9-175410592734,e68e3f8ddf20659c82e8950db941dd31c462487cd249e3d748bff0e00468ea73,1785255156912,184.0,1785255157028.0,116.0
443a1370-4dc9-5181-b04c-b514139e13b4,e68e3f8ddf20659c82e8950db941dd31c462487cd249e3d748bff0e00468ea73,1785255157148,184.0,1785255157179.0,31.0
a7f27584-7518-57f4-b2ff-804933fbf8b0,e68e3f8ddf20659c82e8950db941dd31c462487cd249e3d748bff0e00468ea73,1785255157150,184.0,1785255157188.0,38.0
2d73eab8-5d0f-5c63-a5a4-a44b523a16fb,e68e3f8ddf20659c82e8950db941dd31c462487cd249e3d748bff0e00468ea73,1785255158215,184.0,1785255158276.0,61.0
78b18d01-119d-52bd-b546-72ad84718329,e68e3f8ddf20659c82e8950db941dd31c462487cd249e3d748bff0e00468ea73,1785255159159,184.0,1785255159267.0,108.0
064e7d3e-e176-55a5-88bd-2c0d8b0fa612,e68e3f8ddf20659c82e8950db941dd31c462487cd249e3d748bff0e00468ea73,1785255159194,184.0,1785255159271.0,77.0
52c94241-df40-53d4-b67e-8565ba5d89d7,e68e3f8ddf20659c82e8950db941dd31c462487cd249e3d748bff0e00468ea73,1785255160197,184.0,1785255160259.0,62.0
ba5d0341-26ab-5340-af9b-2d417d60210a,e68e3f8ddf20659c82e8950db941dd31c462487cd249e3d748bff0e00468ea73,1785255160199,184.0,1785255160264.0,65.0
d7fbabd5-620c-5586-b129-7fd75f9996c8,e68e3f8ddf20659c82e8950db941dd31c462487cd249e3d748bff0e00468ea73,1785255161218,184.0,1785255161292.0,74.0
44e2795a-2c35-500e-9c3c-3fc5bf96925d,e68e3f8ddf20659c82e8950db941dd31c462487cd249e3d748bff0e00468ea73,1785255161218,184.0,1785255161298.0,80.0
102fd813-7a39-54cb-83ed-5898e0e9fcd9,e68e3f8ddf20659c82e8950db941dd31c462487cd249e3d748bff0e00468ea73,1785255162178,184.0,1785255162238.0,60.0
e9c144ec-899c-576c-ac07-c04d553f3666,e68e3f8ddf20659c82e8950db941dd31c462487cd249e3d748bff0e00468ea73,1785255163199,184.0,1785255163318.0,119.0
1151b595-f577-5800-a45d-49fe3c836352,e68e3f8ddf20659c82e8950db941dd31c462487cd249e3d748bff0e00468ea73,1785255163224,184.0,1785255163324.0,100.0
8f8688ee-c188-51e7-9882-06207fc6023d,e68e3f8ddf20659c82e8950db941dd31c462487cd249e3d748bff0e00468ea73,1785255164208,184.0,1785255164309.0,101.0
e34dd8ce-8349-5096-91b6-cc57b8386dbc,e68e3f8ddf20659c82e8950db941dd31c462487cd249e3d748bff0e00468ea73,1785255164246,184.0,1785255164315.0,69.0
95895bfe-5cf5-53cf-b7b6-6aaee9a921ff,e68e3f8ddf20659c82e8950db941dd31c462487cd249e3d748bff0e00468ea73,1785255165156,184.0,1785255165205.0,49.0
8a6dadce-9158-56e8-b8a2-4cdb078fbc49,e68e3f8ddf20659c82e8950db941dd31c462487cd249e3d748bff0e00468ea73,1785255166189,184.0,1785255166336.0,147.0
ec50a882-3a61-5c05-9524-636e2f255716,e68e3f8ddf20659c82e8950db941dd31c462487cd249e3d748bff0e00468ea73,1785255166191,184.0,1785255166341.0,150.0
3e9044a9-a7cf-5c21-9b6e-afc0f9fd242c,e68e3f8ddf20659c82e8950db941dd31c462487cd249e3d748bff0e00468ea73,1785255167190,184.0,1785255167231.0,41.0
2389db00-e9a7-559b-9228-68dfd31ebbd4,e68e3f8ddf20659c82e8950db941dd31c462487cd249e3d748bff0e00468ea73,1785255167192,184.0,1785255167276.0,84.0
5138407c-8278-5f7c-b988-1c1518b5ec69,e68e3f8ddf20659c82e8950db941dd31c462487cd249e3d748bff0e00468ea73,1785255168161,184.0,1785255168227.0,66.0
2296d105-353b-5ab2-8f8e-db3bcd178220,e68e3f8ddf20659c82e8950db941dd31c462487cd249e3d748bff0e00468ea73,1785255168191,184.0,1785255168268.0,77.0
a66bf96c-80ff-51a8-9327-07d38ab7da6f,e68e3f8ddf20659c82e8950db941dd31c462487cd249e3d748bff0e00468ea73,1785255169189,184.0,1785255169257.0,68.0
46e42182-95a8-54f8-b845-b3fb18615ec4,e68e3f8ddf20659c82e8950db941dd31c462487cd249e3d748bff0e00468ea73,1785255170220,184.0,1785255170292.0,72.0
814ad3d9-c8ee-5b23-92fa-24090a4be1f8,e68e3f8ddf20659c82e8950db941dd31c462487cd249e3d748bff0e00468ea73,1785255170223,184.0,1785255170339.0,116.0
591f3439-f753-5f5f-984e-5208e283d70d,e68e3f8ddf20659c82e8950db941dd31c462487cd249e3d748bff0e00468ea73,1785255171192,184.0,1785255171282.0,90.0
f2826589-69cd-5f40-8e9b-d79df9a2cb31,e68e3f8ddf20659c82e8950db941dd31c462487cd249e3d748bff0e00468ea73,1785255171194,184.0,1785255171289.0,95.0
1311ee0a-3b22-502e-a4e3-50fc9023691f,e68e3f8ddf20659c82e8950db941dd31c462487cd249e3d748bff0e00468ea73,1785255172188,184.0,1785255172274.0,86.0
88144032-03dc-55c4-9701-88cb6e984599,e68e3f8ddf20659c82e8950db941dd31c462487cd249e3d748bff0e00468ea73,1785255172192,184.0,1785255172281.0,89.0
2cb055bc-da8f-5651-a3a8-bc3dcb43e2cc,e68e3f8ddf20659c82e8950db941dd31c462487cd249e3d748bff0e00468ea73,1785255173182,184.0,1785255173222.0,40.0
7ba72538-3238-5368-b79a-f6a777411513,e68e3f8ddf20659c82e8950db941dd31c462487cd249e3d748bff0e00468ea73,1785255174239,184.0,1785255174297.0,58.0
3976264c-e444-527a-a329-57d8f33ad20c,e68e3f8ddf20659c82e8950db941dd31c462487cd249e3d748bff0e00468ea73,1785255174245,184.0,1785255174341.0,96.0
2fd67d0d-193b-59fe-9840-841650e2fdf5,e68e3f8ddf20659c82e8950db941dd31c462487cd249e3d748bff0e00468ea73,1785255175188,184.0,1785255175245.0,57.0
c7ca3263-1af4-53fe-a64b-0434b5d518eb,e68e3f8ddf20659c82e8950db941dd31c462487cd249e3d748bff0e00468ea73,1785255175210,184.0,1785255175285.0,75.0
c94b741d-eb30-58af-9b61-4fcc7c0dcd70,e68e3f8ddf20659c82e8950db941dd31c462487cd249e3d748bff0e00468ea73,1785255176193,184.0,1785255176239.0,46.0
cfcce4c8-ec0c-5ef4-9aa7-d180a12badf2,e68e3f8ddf20659c82e8950db941dd31c462487cd249e3d748bff0e00468ea73,1785255177181,184.0,1785255177315.0,134.0
b9b03ba3-d1b3-5ef2-8811-8a85b8ebf491,e68e3f8ddf20659c82e8950db941dd31c462487cd249e3d748bff0e00468ea73,1785255177183,184.0,1785255177322.0,139.0
ab472482-791c-5c78-a4ad-1959b06a5aa0,e68e3f8ddf20659c82e8950db941dd31c462487cd249e3d748bff0e00468ea73,1785255178199,184.0,1785255178302.0,103.0
9fdb8c27-0d70-5263-a6ae-38ecd5bc8ccf,e68e3f8ddf20659c82e8950db941dd31c462487cd249e3d748bff0e00468ea73,1785255178242,184.0,1785255178307.0,65.0
fc093b65-064b-5c43-abc1-a8794b6e729c,e68e3f8ddf20659c82e8950db941dd31c462487cd249e3d748bff0e00468ea73,1785255179205,184.0,1785255179247.0,42.0
2516fff4-b3c1-5a3c-9676-95e689ac980a,e68e3f8ddf20659c82e8950db941dd31c462487cd249e3d748bff0e00468ea73,1785255179205,184.0,1785255179253.0,48.0
d1a568ae-54fa-5f79-a86f-742eb9993085,e68e3f8ddf20659c82e8950db941dd31c462487cd249e3d748bff0e00468ea73,1785255180138,184.0,1785255180199.0,61.0
4541055b-05a4-5b8b-b770-f7d2bbf684f5,e68e3f8ddf20659c82e8950db941dd31c462487cd249e3d748bff0e00468ea73,1785255181178,184.0,1785255181272.0,94.0
65a59b44-20a8-5911-8fe9-9576622b1994,e68e3f8ddf20659c82e8950db941dd31c462487cd249e3d748bff0e00468ea73,1785255181180,184.0,1785255181276.0,96.0
f7571ea1-d2bf-5867-b38a-7f343e91a4ee,e68e3f8ddf20659c82e8950db941dd31c462487cd249e3d748bff0e00468ea73,1785255182199,184.0,1785255182274.0,75.0
689bf889-d21d-5398-8bc4-449fca7f536e,e68e3f8ddf20659c82e8950db941dd31c462487cd249e3d748bff0e00468ea73,1785255182201,184.0,1785255182308.0,107.0
31e55582-c313-58d7-ada7-9d0ddaf5a7eb,e68e3f8ddf20659c82e8950db941dd31c462487cd249e3d748bff0e00468ea73,1785255183158,184.0,1785255183206.0,48.0
5c527866-0c54-50da-8358-e483075acb34,e68e3f8ddf20659c82e8950db941dd31c462487cd249e3d748bff0e00468ea73,1785255184205,184.0,1785255184286.0,81.0
8345098e-c96e-5098-bd02-2a9eeddefd62,e68e3f8ddf20659c82e8950db941dd31c462487cd249e3d748bff0e00468ea73,1785255184218,184.0,1785255184291.0,73.0
021ccd1f-d191-520c-956c-e2bf7191e8d7,e68e3f8ddf20659c82e8950db941dd31c462487cd249e3d748bff0e00468ea73,1785255185216,184.0,1785255185277.0,61.0
fb0acfd2-a17d-5a24-bf6d-19e5ddbcb99c,e68e3f8ddf20659c82e8950db941dd31c462487cd249e3d748bff0e00468ea73,1785255185237,184.0,1785255185324.0,87.0
a686e3bf-c88e-5c73-b775-16a8dff5679b,e68e3f8ddf20659c82e8950db941dd31c462487cd249e3d748bff0e00468ea73,1785255186237,184.0,1785255186312.0,75.0
2e207be8-7ca3-5424-b03f-4442432b1b74,e68e3f8ddf20659c82e8950db941dd31c462487cd249e3d748bff0e00468ea73,1785255186240,184.0,1785255186318.0,78.0
5caf214a-5444-5659-8cb2-59d955e76cee,e68e3f8ddf20659c82e8950db941dd31c462487cd249e3d748bff0e00468ea73,1785255187191,184.0,1785255187308.0,117.0
08221aea-5e6e-5e90-9cd9-55d2cd2674da,e68e3f8ddf20659c82e8950db941dd31c462487cd249e3d748bff0e00468ea73,1785255188179,184.0,1785255188218.0,39.0
36156b0c-e930-5a57-8c7f-8b79c0738457,e68e3f8ddf20659c82e8950db941dd31c462487cd249e3d748bff0e00468ea73,1785255188215,184.0,1785255188256.0,41.0
db7d8f6b-5905-5257-971b-6adfe95918fc,e68e3f8ddf20659c82e8950db941dd31c462487cd249e3d748bff0e00468ea73,1785255189212,184.0,1785255189283.0,71.0
4e47b3ed-ccea-5d64-a0b0-e467e1470eb0,e68e3f8ddf20659c82e8950db941dd31c462487cd249e3d748bff0e00468ea73,1785255189212,184.0,1785255189288.0,76.0
91164180-cfe5-5ffc-adad-db477e643826,e68e3f8ddf20659c82e8950db941dd31c462487cd249e3d748bff0e00468ea73,1785255190171,184.0,1785255190227.0,56.0
c7736eba-5f1b-5126-b302-42fe2f023386,e68e3f8ddf20659c82e8950db941dd31c462487cd249e3d748bff0e00468ea73,1785255190172,184.0,1785255190276.0,104.0
0e7a1e9e-04cc-5e51-b6de-15ea349d8a90,e68e3f8ddf20659c82e8950db941dd31c462487cd249e3d748bff0e00468ea73,1785255191183,184.0,1785255191238.0,55.0
532ada45-861f-59b7-9fd0-8755ec94394d,e68e3f8ddf20659c82e8950db941dd31c462487cd249e3d748bff0e00468ea73,1785255192146,184.0,1785255192253.0,107.0
9ce048d2-509e-59ee-9e76-cfd1942e3b25,e68e3f8ddf20659c82e8950db941dd31c462487cd249e3d748bff0e00468ea73,1785255192146,184.0,1785255192259.0,113.0
a2f96991-8cd4-54ce-843d-c8c71d03bfef,e68e3f8ddf20659c82e8950db941dd31c462487cd249e3d748bff0e00468ea73,1785255193189,184.0,1785255193289.0,100.0
30f0e733-42f9-52dd-9413-be5b12be5f1f,e68e3f8ddf20659c82e8950db941dd31c462487cd249e3d748bff0e00468ea73,1785255193191,184.0,1785255193317.0,126.0
f08f391d-b0b6-5a12-b0e5-79f130904f01,e68e3f8ddf20659c82e8950db941dd31c462487cd249e3d748bff0e00468ea73,1785255194188,184.0,1785255194230.0,42.0
f91dacc5-c091-5004-80c6-4bf054cf8d46,e68e3f8ddf20659c82e8950db941dd31c462487cd249e3d748bff0e00468ea73,1785255195198,184.0,1785255195267.0,69.0
1602358d-0b18-5616-b448-171274fec6f4,e68e3f8ddf20659c82e8950db941dd31c462487cd249e3d748bff0e00468ea73,1785255195218,184.0,1785255195275.0,57.0
f418461f-affe-5139-8655-11367dada68f,e68e3f8ddf20659c82e8950db941dd31c462487cd249e3d748bff0e00468ea73,1785255196200,184.0,1785255196256.0,56.0
32dc45b4-a515-563a-b9bc-2f815f4a0f90,e68e3f8ddf20659c82e8950db941dd31c462487cd249e3d748bff0e00468ea73,1785255196200,184.0,1785255196304.0,104.0
5c1d7bbe-7167-5ff8-acc9-ecfc246db1d1,e68e3f8ddf20659c82e8950db941dd31c462487cd249e3d748bff0e00468ea73,1785255197189,184.0,1785255197299.0,110.0
aab1e8ce-b4ca-59d0-90da-ed6e4dc39b7c,e68e3f8ddf20659c82e8950db941dd31c462487cd249e3d748bff0e00468ea73,1785255197191,184.0,1785255197306.0,115.0
b0f1fcf6-3290-5e1d-ad68-94b12d2a1177,e68e3f8ddf20659c82e8950db941dd31c462487cd249e3d748bff0e00468ea73,1785255198201,184.0,1785255198284.0,83.0
5fe5e464-65a7-5962-9df5-4fc1e02778b0,e68e3f8ddf20659c82e8950db941dd31c462487cd249e3d748bff0e00468ea73,1785255199202,184.0,1785255199276.0,74.0
11c81165-51a4-5517-b69e-77b6c94f3f41,e68e3f8ddf20659c82e8950db941dd31c462487cd249e3d748bff0e00468ea73,1785255199205,184.0,1785255199362.0,157.0
ecbb36c7-f0fb-54d4-8f97-d48ab736d4ce,e68e3f8ddf20659c82e8950db941dd31c462487cd249e3d748bff0e00468ea73,1785255200194,184.0,1785255200264.0,70.0
8535a930-6b9f-550e-b91c-f0957186d1dc,e68e3f8ddf20659c82e8950db941dd31c462487cd249e3d748bff0e00468ea73,1785255200195,184.0,1785255200269.0,74.0
effd5c3f-a075-5e18-8c11-7cb519121fd0,e68e3f8ddf20659c82e8950db941dd31c462487cd249e3d748bff0e00468ea73,1785255201219,184.0,1785255201314.0,95.0
a6a6abf8-fc02-5888-8537-7a659f4480a7,e68e3f8ddf20659c82e8950db941dd31c462487cd249e3d748bff0e00468ea73,1785255201222,184.0,1785255201363.0,141.0
cf52dc70-4597-57d1-a9a2-dc7babeec834,e68e3f8ddf20659c82e8950db941dd31c462487cd249e3d748bff0e00468ea73,1785255202186,184.0,1785255202245.0,59.0
a76f8260-216c-5f6b-8654-1a13c29db4f5,e68e3f8ddf20659c82e8950db941dd31c462487cd249e3d748bff0e00468ea73,1785255203215,184.0,1785255203277.0,62.0
80af7410-d8c9-5848-b2c3-552f71f9a9d1,e68e3f8ddf20659c82e8950db941dd31c462487cd249e3d748bff0e00468ea73,1785255203215,184.0,1785255203282.0,67.0
f01c9b7e-aec5-5319-87b3-45e12fb34a31,e68e3f8ddf20659c82e8950db941dd31c462487cd249e3d748bff0e00468ea73,1785255204173,184.0,1785255204266.0,93.0
ac0344af-f793-55cb-aa51-f8670274d584,e68e3f8ddf20659c82e8950db941dd31c462487cd249e3d748bff0e00468ea73,1785255204175,184.0,1785255204273.0,98.0
f40d699d-10f5-596e-9b45-ba49b855874c,e68e3f8ddf20659c82e8950db941dd31c462487cd249e3d748bff0e00468ea73,1785255205143,184.0,1785255205212.0,69.0
97a8c915-520c-568a-abe9-ec5dc4e1dba1,e68e3f8ddf20659c82e8950db941dd31c462487cd249e3d748bff0e00468ea73,1785255206185,184.0,1785255206247.0,62.0
a5b89f13-dab9-5f42-9ed7-70c90ffe0296,e68e3f8ddf20659c82e8950db941dd31c462487cd249e3d748bff0e00468ea73,1785255206210,184.0,1785255206291.0,81.0
972b1a91-385b-5b36-a8a5-2b55e87bebd6,e68e3f8ddf20659c82e8950db941dd31c462487cd249e3d748bff0e00468ea73,1785255207192,184.0,1785255207282.0,90.0
abe75c3b-6bd9-5a07-8461-f6271216e19d,e68e3f8ddf20659c82e8950db941dd31c462487cd249e3d748bff0e00468ea73,1785255207211,184.0,1785255207288.0,77.0
efde1340-e257-5200-9b80-e02ebd54bd7e,e68e3f8ddf20659c82e8950db941dd31c462487cd249e3d748bff0e00468ea73,1785255208211,184.0,1785255208272.0,61.0
1dafd76c-1b2e-5bf8-8e26-246a4dca7c04,e68e3f8ddf20659c82e8950db941dd31c462487cd249e3d748bff0e00468ea73,1785255208215,184.0,1785255208324.0,109.0
3d95962a-c482-5de1-a139-91006ec98659,e68e3f8ddf20659c82e8950db941dd31c462487cd249e3d748bff0e00468ea73,1785255209181,184.0,1785255209217.0,36.0
f4659ce8-236f-52ad-b742-dac8b2e91a9e,e68e3f8ddf20659c82e8950db941dd31c462487cd249e3d748bff0e00468ea73,1785255210193,184.0,1785255210250.0,57.0
7caf960f-a6da-5020-a1de-3f125f4a9125,e68e3f8ddf20659c82e8950db941dd31c462487cd249e3d748bff0e00468ea73,1785255210193,184.0,1785255210294.0,101.0
3149100a-d8e4-5547-bf83-e6fd3d56084b,e68e3f8ddf20659c82e8950db941dd31c462487cd249e3d748bff0e00468ea73,1785255211194,184.0,1785255211287.0,93.0
a99da4cb-249c-58fa-bdce-1434937768de,e68e3f8ddf20659c82e8950db941dd31c462487cd249e3d748bff0e00468ea73,1785255211210,184.0,1785255211292.0,82.0
fda851ec-42d1-5e04-80a6-9be9d124f6b7,e68e3f8ddf20659c82e8950db941dd31c462487cd249e3d748bff0e00468ea73,1785255212185,184.0,1785255212277.0,92.0
a90ab7a6-2d28-5e37-b12b-bc9b39c51d4c,e68e3f8ddf20659c82e8950db941dd31c462487cd249e3d748bff0e00468ea73,1785255221738,184.0,1785255221819.0,81.0
d5e379bc-4e5f-5b40-958b-d71467a9e1c5,e68e3f8ddf20659c82e8950db941dd31c462487cd249e3d748bff0e00468ea73,1785255221750,184.0,1785255221822.0,72.0
ff462c43-b6ac-5d6b-b340-5c7e668d559a,e68e3f8ddf20659c82e8950db941dd31c462487cd249e3d748bff0e00468ea73,1785255221752,184.0,1785255221826.0,74.0
0ad20f06-d699-50e2-9513-1560208a1ba9,e68e3f8ddf20659c82e8950db941dd31c462487cd249e3d748bff0e00468ea73,1785255221754,184.0,1785255221875.0,121.0
d8c5dc2b-6627-59ec-bef4-8206f8e90ce2,e68e3f8ddf20659c82e8950db941dd31c462487cd249e3d748bff0e00468ea73,1785255222223,184.0,1785255222266.0,43.0
9e318388-857b-5688-b291-b3b66cadba9d,e68e3f8ddf20659c82e8950db941dd31c462487cd249e3d748bff0e00468ea73,1785255222224,184.0,1785255222271.0,47.0
c6139acd-fae7-5dc2-af19-570fa9c834a0,e68e3f8ddf20659c82e8950db941dd31c462487cd249e3d748bff0e00468ea73,1785255223221,184.0,1785255223256.0,35.0
8764b593-f47f-561e-bb0b-8f49cf48d0f6,e68e3f8ddf20659c82e8950db941dd31c462487cd249e3d748bff0e00468ea73,1785255224248,184.0,1785255224291.0,43.0
4b15f559-798a-5637-9414-aebdddf63b95,e68e3f8ddf20659c82e8950db941dd31c462487cd249e3d748bff0e00468ea73,1785255224249,184.0,1785255224297.0,48.0
730dc8cf-dc6d-564d-8210-c53f2444a17e,e68e3f8ddf20659c82e8950db941dd31c462487cd249e3d748bff0e00468ea73,1785255225173,184.0,1785255225283.0,110.0
89ed213a-9de8-5eb7-8e0b-9281b038cdc8,e68e3f8ddf20659c82e8950db941dd31c462487cd249e3d748bff0e00468ea73,1785255225176,184.0,1785255225291.0,115.0
14084af7-e9ba-56ea-bbc8-6f832243fd2a,e68e3f8ddf20659c82e8950db941dd31c462487cd249e3d748bff0e00468ea73,1785255226205,184.0,1785255226272.0,67.0
e6a3b80b-f36a-5f55-81e3-76439fd1baa8,e68e3f8ddf20659c82e8950db941dd31c462487cd249e3d748bff0e00468ea73,1785255226219,184.0,1785255226278.0,59.0
61438637-07b8-5379-b8f6-71b18f411682,e68e3f8ddf20659c82e8950db941dd31c462487cd249e3d748bff0e00468ea73,1785255227177,184.0,1785255227218.0,41.0
8a63b885-3d10-5cbc-a03b-2915149ec798,e68e3f8ddf20659c82e8950db941dd31c462487cd249e3d748bff0e00468ea73,1785255228216,184.0,1785255228296.0,80.0
3ff40efa-3f9a-5963-ae7c-bca00636e874,e68e3f8ddf20659c82e8950db941dd31c462487cd249e3d748bff0e00468ea73,1785255228216,184.0,1785255228336.0,120.0
64834fa8-fa0f-595f-ba58-521579f8566c,e68e3f8ddf20659c82e8950db941dd31c462487cd249e3d748bff0e00468ea73,1785255229231,184.0,1785255229303.0,72.0
6df1204b-e29c-5c31-8059-b490f5836c37,e68e3f8ddf20659c82e8950db941dd31c462487cd249e3d748bff0e00468ea73,1785255229233,184.0,1785255229338.0,105.0
0d9f19a0-9529-56af-892e-aa99235547f8,e68e3f8ddf20659c82e8950db941dd31c462487cd249e3d748bff0e00468ea73,1785255230194,184.0,1785255230232.0,38.0
0a2255e5-19c4-5c62-9fc1-d559d34fda8f,e68e3f8ddf20659c82e8950db941dd31c462487cd249e3d748bff0e00468ea73,1785255231205,184.0,1785255231266.0,61.0
1ef9b479-ed03-5fe6-bb7b-f9693ce98deb,e68e3f8ddf20659c82e8950db941dd31c462487cd249e3d748bff0e00468ea73,1785255231206,184.0,1785255231312.0,106.0
d0f9fb28-94e8-5376-86e0-97db6e0ae30b,e68e3f8ddf20659c82e8950db941dd31c462487cd249e3d748bff0e00468ea73,1785255232178,184.0,1785255232303.0,125.0
5f70c728-67f6-54b5-baf6-e0c8697f1375,e68e3f8ddf20659c82e8950db941dd31c462487cd249e3d748bff0e00468ea73,1785255232181,184.0,1785255232308.0,127.0
a4d20939-a861-5e3d-95e1-bc40af251698,e68e3f8ddf20659c82e8950db941dd31c462487cd249e3d748bff0e00468ea73,1785255233221,184.0,1785255233292.0,71.0
ec1710d7-d9f9-54ce-9922-c460d047143c,e68e3f8ddf20659c82e8950db941dd31c462487cd249e3d748bff0e00468ea73,1785255233223,184.0,1785255233297.0,74.0
df4a848c-89d9-5a38-b304-88e5d1ad2953,e68e3f8ddf20659c82e8950db941dd31c462487cd249e3d748bff0e00468ea73,1785255234202,184.0,1785255234281.0,79.0
1ff9f48e-b347-55f1-ae8b-9b89ee995d94,e68e3f8ddf20659c82e8950db941dd31c462487cd249e3d748bff0e00468ea73,1785255235183,184.0,1785255235280.0,97.0
334a7490-a98f-532a-88e7-4e9d193faee5,e68e3f8ddf20659c82e8950db941dd31c462487cd249e3d748bff0e00468ea73,1785255235184,184.0,1785255235285.0,101.0
532fc17e-43da-5c6c-9955-e2c557d8a159,e68e3f8ddf20659c82e8950db941dd31c462487cd249e3d748bff0e00468ea73,1785255236229,184.0,1785255236262.0,33.0
88ceb089-8eb7-535a-aa0b-0f5c4e6cf138,e68e3f8ddf20659c82e8950db941dd31c462487cd249e3d748bff0e00468ea73,1785255236261,184.0,1785255236306.0,45.0
b7b6bdec-3dea-5f34-bafd-2b60d9843978,e68e3f8ddf20659c82e8950db941dd31c462487cd249e3d748bff0e00468ea73,1785255237202,184.0,1785255237314.0,112.0
295680c1-d406-54ce-877c-7caa1864be36,e68e3f8ddf20659c82e8950db941dd31c462487cd249e3d748bff0e00468ea73,1785255237202,184.0,1785255237319.0,117.0
63fd9e53-932d-57fd-a5e1-1cc560d36354,e68e3f8ddf20659c82e8950db941dd31c462487cd249e3d748bff0e00468ea73,1785255238181,184.0,1785255238241.0,60.0
e8eaa08e-c12d-5204-bcfb-78cd6200ee1e,e68e3f8ddf20659c82e8950db941dd31c462487cd249e3d748bff0e00468ea73,1785255239225,184.0,1785255239277.0,52.0
e841803e-e8a2-54ec-9e19-003711a693b9,e68e3f8ddf20659c82e8950db941dd31c462487cd249e3d748bff0e00468ea73,1785255239226,184.0,1785255239282.0,56.0
3137ddb3-41b0-5767-a0b7-a56e11ab49e9,e68e3f8ddf20659c82e8950db941dd31c462487cd249e3d748bff0e00468ea73,1785255240189,184.0,1785255240220.0,31.0
ad9c8363-a867-57bd-b5b3-70f370d278c5,e68e3f8ddf20659c82e8950db941dd31c462487cd249e3d748bff0e00468ea73,1785255240189,184.0,1785255240266.0,77.0
bf8ea2a6-350d-5812-925d-62c3ce90f472,e68e3f8ddf20659c82e8950db941dd31c462487cd249e3d748bff0e00468ea73,1785255241191,184.0,1785255241256.0,65.0
bc0d3b7b-4003-5bad-b812-3e23be4a3957,e68e3f8ddf20659c82e8950db941dd31c462487cd249e3d748bff0e00468ea73,1785255242218,184.0,1785255242292.0,74.0
98339e8d-5691-5013-b7ed-e261a3d76dec,e68e3f8ddf20659c82e8950db941dd31c462487cd249e3d748bff0e00468ea73,1785255242257,184.0,1785255242298.0,41.0
79633554-f028-5bbe-a8a9-c1832ecb8e20,e68e3f8ddf20659c82e8950db941dd31c462487cd249e3d748bff0e00468ea73,1785255243225,184.0,1785255243332.0,107.0
6c020468-8ace-509e-b0df-5d50607eb3ec,e68e3f8ddf20659c82e8950db941dd31c462487cd249e3d748bff0e00468ea73,1785255243249,184.0,1785255243341.0,92.0
0337f05a-dc9f-5ee4-b308-0744a986d585,e68e3f8ddf20659c82e8950db941dd31c462487cd249e3d748bff0e00468ea73,1785255244232,184.0,1785255244317.0,85.0
5746e66f-6a70-5b54-8b66-31a206cdbd27,e68e3f8ddf20659c82e8950db941dd31c462487cd249e3d748bff0e00468ea73,1785255244233,184.0,1785255244322.0,89.0
b4209351-2bf2-5912-8cc6-44bc97c34063,e68e3f8ddf20659c82e8950db941dd31c462487cd249e3d748bff0e00468ea73,1785255245195,184.0,1785255245261.0,66.0
5c2496de-9f25-5b83-a359-13ddabe1f955,e68e3f8ddf20659c82e8950db941dd31c462487cd249e3d748bff0e00468ea73,1785255246193,184.0,1785255246315.0,122.0
42f02e2a-827b-5797-aca6-8ff9c37bab85,e68e3f8ddf20659c82e8950db941dd31c462487cd249e3d748bff0e00468ea73,1785255246193,184.0,1785255246319.0,126.0
1a8b9816-686b-5ba4-9dce-d54751224d86,e68e3f8ddf20659c82e8950db941dd31c462487cd249e3d748bff0e00468ea73,1785255247202,184.0,1785255247265.0,63.0
a073b132-ce32-5ecd-aaa3-78aa3473102b,e68e3f8ddf20659c82e8950db941dd31c462487cd249e3d748bff0e00468ea73,1785255247229,184.0,1785255247297.0,68.0
46e65880-7f04-5ea3-9163-63e9ff16221e,e68e3f8ddf20659c82e8950db941dd31c462487cd249e3d748bff0e00468ea73,1785255248200,184.0,1785255248252.0,52.0
e0bf14c2-04c9-51e9-840a-f89cd3c3bd6e,e68e3f8ddf20659c82e8950db941dd31c462487cd249e3d748bff0e00468ea73,1785255249218,184.0,1785255249315.0,97.0
92b4017a-ae7c-5e9a-901d-f69bfb6abaa0,e68e3f8ddf20659c82e8950db941dd31c462487cd249e3d748bff0e00468ea73,1785255249221,184.0,1785255249323.0,102.0
3d3040ec-1d5d-5b83-adf5-fc503e97a1c8,e68e3f8ddf20659c82e8950db941dd31c462487cd249e3d748bff0e00468ea73,1785255250202,184.0,1785255250272.0,70.0
6431e270-f067-5b48-bc5c-a17f00fa994c,e68e3f8ddf20659c82e8950db941dd31c462487cd249e3d748bff0e00468ea73,1785255250231,184.0,1785255250278.0,47.0
821611d8-f688-5825-9f1e-789819c0c961,e68e3f8ddf20659c82e8950db941dd31c462487cd249e3d748bff0e00468ea73,1785255251202,184.0,1785255251301.0,99.0
f46a452a-f115-5763-8ce9-8d572919d5bf,e68e3f8ddf20659c82e8950db941dd31c462487cd249e3d748bff0e00468ea73,1785255251206,184.0,1785255251313.0,107.0
f670fee7-14da-5aa4-bc56-4d95b7778122,e68e3f8ddf20659c82e8950db941dd31c462487cd249e3d748bff0e00468ea73,1785255252202,184.0,1785255252284.0,82.0
6976dce0-6461-5300-864b-ad225ccb74f2,e68e3f8ddf20659c82e8950db941dd31c462487cd249e3d748bff0e00468ea73,1785255253193,184.0,1785255253270.0,77.0
d54be29a-e714-51ea-b336-264fa0bdeb27,e68e3f8ddf20659c82e8950db941dd31c462487cd249e3d748bff0e00468ea73,1785255253229,184.0,1785255253277.0,48.0
2c63fd97-5fca-54a7-93b5-a43bad3c92fd,e68e3f8ddf20659c82e8950db941dd31c462487cd249e3d748bff0e00468ea73,1785255254220,184.0,1785255254261.0,41.0
4ba2cb11-9fb4-5dd3-bae6-c439614e3d80,e68e3f8ddf20659c82e8950db941dd31c462487cd249e3d748bff0e00468ea73,1785255254221,184.0,1785255254266.0,45.0
0e20b781-98d5-52bb-b343-9399daf1862e,e68e3f8ddf20659c82e8950db941dd31c462487cd249e3d748bff0e00468ea73,1785255255205,184.0,1785255255251.0,46.0
ad5eab37-a6eb-57d3-a142-85e1c600e847,e68e3f8ddf20659c82e8950db941dd31c462487cd249e3d748bff0e00468ea73,1785255255209,184.0,1785255255256.0,47.0
d1822dcd-7614-5fc2-b494-8bec68bfa646,e68e3f8ddf20659c82e8950db941dd31c462487cd249e3d748bff0e00468ea73,1785255256209,184.0,1785255256249.0,40.0
3ee8843e-9a9a-5a16-9906-dd7621380199,e68e3f8ddf20659c82e8950db941dd31c462487cd249e3d748bff0e00468ea73,1785255257220,184.0,1785255257277.0,57.0
d3a0160a-cbce-557b-a0f0-c29fb2c518d7,e68e3f8ddf20659c82e8950db941dd31c462487cd249e3d748bff0e00468ea73,1785255257239,184.0,1785255257321.0,82.0
e4aa1d2d-d37c-5a19-b342-0bc306e063ed,e68e3f8ddf20659c82e8950db941dd31c462487cd249e3d748bff0e00468ea73,1785255258196,184.0,1785255258266.0,70.0
5ce2a2bb-3949-57ba-b23c-5c066e1857d0,e68e3f8ddf20659c82e8950db941dd31c462487cd249e3d748bff0e00468ea73,1785255258227,184.0,1785255258318.0,91.0
adc6054b-5be6-5400-877a-d8df33e85bfe,e68e3f8ddf20659c82e8950db941dd31c462487cd249e3d748bff0e00468ea73,1785255259194,184.0,1785255259257.0,63.0
1df94f05-6e83-5cfc-9394-56dc081e7116,e68e3f8ddf20659c82e8950db941dd31c462487cd249e3d748bff0e00468ea73,1785255260196,184.0,1785255260257.0,61.0
e3e96d40-e29e-5e06-a101-2c6c39ecbc4e,e68e3f8ddf20659c82e8950db941dd31c462487cd249e3d748bff0e00468ea73,1785255260197,184.0,1785255260262.0,65.0
781ec68c-2c11-563a-8a55-5cdb3e68d8ee,e68e3f8ddf20659c82e8950db941dd31c462487cd249e3d748bff0e00468ea73,1785255261218,184.0,1785255261282.0,64.0
030011a9-7d4f-5bbb-8f8f-2f76a8481a34,e68e3f8ddf20659c82e8950db941dd31c462487cd249e3d748bff0e00468ea73,1785255261221,184.0,1785255261373.0,152.0
643ecba3-c42c-5089-97d6-190880909d14,e68e3f8ddf20659c82e8950db941dd31c462487cd249e3d748bff0e00468ea73,1785255262209,184.0,1785255262272.0,63.0
f8e8e4e0-e125-50bc-b183-24ba4860da31,e68e3f8ddf20659c82e8950db941dd31c462487cd249e3d748bff0e00468ea73,1785255262211,184.0,1785255262278.0,67.0
4cf108cb-165a-5118-8b44-f59bb4079a19,e68e3f8ddf20659c82e8950db941dd31c462487cd249e3d748bff0e00468ea73,1785255263200,184.0,1785255263308.0,108.0
d61c488d-e45a-56f8-8eb9-19573b4812cf,e68e3f8ddf20659c82e8950db941dd31c462487cd249e3d748bff0e00468ea73,1785255264211,184.0,1785255264300.0,89.0
e43a784b-df2e-5575-b588-a0827a69bbeb,e68e3f8ddf20659c82e8950db941dd31c462487cd249e3d748bff0e00468ea73,1785255264228,184.0,1785255264308.0,80.0
842e21fa-fd00-5500-a64f-e381e4474fd9,e68e3f8ddf20659c82e8950db941dd31c462487cd249e3d748bff0e00468ea73,1785255265200,184.0,1785255265286.0,86.0
a72c6636-dfa0-5a02-889b-e8010d5497c1,e68e3f8ddf20659c82e8950db941dd31c462487cd249e3d748bff0e00468ea73,1785255265205,184.0,1785255265290.0,85.0
5caeaf48-5bb8-532b-836c-57cb8d77e325,e68e3f8ddf20659c82e8950db941dd31c462487cd249e3d748bff0e00468ea73,1785255266217,184.0,1785255266322.0,105.0
ee07558b-5cc0-5690-9f7e-2fa3742e1758,e68e3f8ddf20659c82e8950db941dd31c462487cd249e3d748bff0e00468ea73,1785255266244,184.0,1785255266328.0,84.0
d42aa470-2ca4-5f0d-af1c-ae760546fcad,e68e3f8ddf20659c82e8950db941dd31c462487cd249e3d748bff0e00468ea73,1785255267194,184.0,1785255267318.0,124.0
03b6a74f-7010-565a-a59a-c549ea86a3a6,e68e3f8ddf20659c82e8950db941dd31c462487cd249e3d748bff0e00468ea73,1785255268254,184.0,1785255268300.0,46.0
2f230171-c062-5f09-8e96-63c48788a849,e68e3f8ddf20659c82e8950db941dd31c462487cd249e3d748bff0e00468ea73,1785255268258,184.0,1785255268305.0,47.0
db8d27cf-2595-52cb-b767-69da1ea8e7d9,e68e3f8ddf20659c82e8950db941dd31c462487cd249e3d748bff0e00468ea73,1785255269207,184.0,1785255269295.0,88.0
9c8f23d8-dea2-5441-b18e-66bca8811ec7,e68e3f8ddf20659c82e8950db941dd31c462487cd249e3d748bff0e00468ea73,1785255269209,184.0,1785255269305.0,96.0
e058e7f8-f31d-5158-98bc-2ae66bc5a2f3,e68e3f8ddf20659c82e8950db941dd31c462487cd249e3d748bff0e00468ea73,1785255270188,184.0,1785255270256.0,68.0
1f208388-a9bf-5e5d-8135-32c86c0808da,e68e3f8ddf20659c82e8950db941dd31c462487cd249e3d748bff0e00468ea73,1785255271167,184.0,1785255271225.0,58.0
eaa0ddff-1d80-59cc-aecd-0eb2f3a6ce01,e68e3f8ddf20659c82e8950db941dd31c462487cd249e3d748bff0e00468ea73,1785255271169,184.0,1785255271274.0,105.0
6c38b9f8-99c2-5aa0-b987-426b2f57b918,e68e3f8ddf20659c82e8950db941dd31c462487cd249e3d748bff0e00468ea73,1785255272207,184.0,1785255272276.0,69.0
abc882f7-ddd5-541d-b73f-e21010561648,e68e3f8ddf20659c82e8950db941dd31c462487cd249e3d748bff0e00468ea73,1785255272236,184.0,1785255272281.0,45.0
46b287ea-494d-59b1-8176-e3003184570a,e68e3f8ddf20659c82e8950db941dd31c462487cd249e3d748bff0e00468ea73,1785255273205,184.0,1785255273300.0,95.0
955062f0-ae8f-59f8-9282-b2b672f32523,e68e3f8ddf20659c82e8950db941dd31c462487cd249e3d748bff0e00468ea73,1785255273208,184.0,1785255273307.0,99.0
d08ddf96-a302-5386-be24-8ebdd92a2fbd,e68e3f8ddf20659c82e8950db941dd31c462487cd249e3d748bff0e00468ea73,1785255274194,184.0,1785255274241.0,47.0
2b20775d-53a9-5fff-95d0-2f8e189c4561,e68e3f8ddf20659c82e8950db941dd31c462487cd249e3d748bff0e00468ea73,1785255275207,184.0,1785255275322.0,115.0
25425d24-323e-5bbc-a6bb-58791ab2cb94,e68e3f8ddf20659c82e8950db941dd31c462487cd249e3d748bff0e00468ea73,1785255275210,184.0,1785255275328.0,118.0
3ed6ae89-8b15-50ee-b4f5-060a18e32fb5,e68e3f8ddf20659c82e8950db941dd31c462487cd249e3d748bff0e00468ea73,1785255276199,184.0,1785255276266.0,67.0
9613a1b1-19a5-5aef-bc85-74505a7f0154,e68e3f8ddf20659c82e8950db941dd31c462487cd249e3d748bff0e00468ea73,1785255276201,184.0,1785255276271.0,70.0
1b29d249-4cdf-5210-9df4-ee67ddeab518,e68e3f8ddf20659c82e8950db941dd31c462487cd249e3d748bff0e00468ea73,1785255277205,184.0,1785255277256.0,51.0
29db6132-2927-5ebf-bbea-13cb86729115,e68e3f8ddf20659c82e8950db941dd31c462487cd249e3d748bff0e00468ea73,1785255287233,184.0,1785255287295.0,62.0
66f6f2c5-82db-5d35-a508-de8a442248b5,e68e3f8ddf20659c82e8950db941dd31c462487cd249e3d748bff0e00468ea73,1785255287234,184.0,1785255287319.0,85.0
12c62c2c-10ed-54f1-8014-47a2bf6e5e1b,e68e3f8ddf20659c82e8950db941dd31c462487cd249e3d748bff0e00468ea73,1785255288244,184.0,1785255288282.0,38.0
fd256919-18d0-5b34-ac15-56cbc94b1fd8,e68e3f8ddf20659c82e8950db941dd31c462487cd249e3d748bff0e00468ea73,1785255289247,184.0,1785255289315.0,68.0
9e501e79-9333-51ba-aecc-eb5769126342,e68e3f8ddf20659c82e8950db941dd31c462487cd249e3d748bff0e00468ea73,1785255289247,184.0,1785255289320.0,73.0
380ad7bd-0676-5ee0-a4d5-ab71c3a3ca72,e68e3f8ddf20659c82e8950db941dd31c462487cd249e3d748bff0e00468ea73,1785255290212,184.0,1785255290260.0,48.0
6e0c6e36-f739-5bc8-ab86-293a6acee07a,e68e3f8ddf20659c82e8950db941dd31c462487cd249e3d748bff0e00468ea73,1785255290227,184.0,1785255290315.0,88.0
a8e0fc61-e706-541c-924b-7951f6c4df02,e68e3f8ddf20659c82e8950db941dd31c462487cd249e3d748bff0e00468ea73,1785255290355,184.0,1785255290396.0,41.0
fb367a7c-711a-50f2-9040-7e0998edfe58,e68e3f8ddf20659c82e8950db941dd31c462487cd249e3d748bff0e00468ea73,1785255290356,184.0,1785255290398.0,42.0
d9b8e04b-a95e-5678-981a-e8297ae0c8cf,e68e3f8ddf20659c82e8950db941dd31c462487cd249e3d748bff0e00468ea73,1785255290697,184.0,1785255290743.0,46.0
d3891ea2-6f3c-55ad-baef-13e3f08f1e26,e68e3f8ddf20659c82e8950db941dd31c462487cd249e3d748bff0e00468ea73,1785255290698,184.0,1785255290745.0,47.0
2686a583-8b8c-539b-a5b1-b11bd034cb04,e68e3f8ddf20659c82e8950db941dd31c462487cd249e3d748bff0e00468ea73,1785255291211,184.0,1785255291251.0,40.0
d25df497-de7c-50f5-899c-dab25b87b32e,e68e3f8ddf20659c82e8950db941dd31c462487cd249e3d748bff0e00468ea73,1785255291214,184.0,1785255291298.0,84.0
42bfda09-25a9-53e7-8649-e395ea17ddc8,e68e3f8ddf20659c82e8950db941dd31c462487cd249e3d748bff0e00468ea73,1785255292198,184.0,1785255292242.0,44.0
e25a102f-ed7a-5e5d-b011-a18e6f58ccdd,e68e3f8ddf20659c82e8950db941dd31c462487cd249e3d748bff0e00468ea73,1785255293182,184.0,1785255293274.0,92.0
4b2ee2ff-fae2-520e-84ff-35c364d27741,e68e3f8ddf20659c82e8950db941dd31c462487cd249e3d748bff0e00468ea73,1785255293182,184.0,1785255293279.0,97.0
18c2f765-aea4-53a9-8163-69ba693381a3,e68e3f8ddf20659c82e8950db941dd31c462487cd249e3d748bff0e00468ea73,1785255294170,184.0,1785255294264.0,94.0
68c276d6-345d-5e6f-a428-1fcf42587f31,e68e3f8ddf20659c82e8950db941dd31c462487cd249e3d748bff0e00468ea73,1785255294173,184.0,1785255294274.0,101.0
2af21461-f891-5a9c-b755-020b72a707c4,e68e3f8ddf20659c82e8950db941dd31c462487cd249e3d748bff0e00468ea73,1785255295174,184.0,1785255295212.0,38.0
59c41f4c-9e6f-5078-a50c-eec391a73c08,e68e3f8ddf20659c82e8950db941dd31c462487cd249e3d748bff0e00468ea73,1785255296179,184.0,1785255296246.0,67.0
14b752f4-2feb-5a7b-afee-57ca90016d7a,e68e3f8ddf20659c82e8950db941dd31c462487cd249e3d748bff0e00468ea73,1785255296183,184.0,1785255296251.0,68.0
27ee5d3c-4a9b-5a22-8b9b-331130d0c4bd,e68e3f8ddf20659c82e8950db941dd31c462487cd249e3d748bff0e00468ea73,1785255297186,184.0,1785255297280.0,94.0
d999e0a1-05c7-5e70-b225-7a2b74705616,e68e3f8ddf20659c82e8950db941dd31c462487cd249e3d748bff0e00468ea73,1785255297194,184.0,1785255297285.0,91.0
13370187-210b-5117-a1c0-fbd41da8c699,e68e3f8ddf20659c82e8950db941dd31c462487cd249e3d748bff0e00468ea73,1785255298180,184.0,1785255298226.0,46.0
7192b218-b1a8-5afe-8e70-05950f6cebf5,e68e3f8ddf20659c82e8950db941dd31c462487cd249e3d748bff0e00468ea73,1785255298215,184.0,1785255298315.0,100.0
0ef3ced6-0c42-550c-ac78-76c7849b28ca,e68e3f8ddf20659c82e8950db941dd31c462487cd249e3d748bff0e00468ea73,1785255299171,184.0,1785255299218.0,47.0
d44f312c-3c2e-56c7-a100-198344774288,e68e3f8ddf20659c82e8950db941dd31c462487cd249e3d748bff0e00468ea73,1785255300163,184.0,1785255300267.0,104.0
c4563e85-4a0d-553a-bca4-411f9125564f,e68e3f8ddf20659c82e8950db941dd31c462487cd249e3d748bff0e00468ea73,1785255300190,184.0,1785255300271.0,81.0
86794914-2358-508b-b2f3-e13fc3d6b618,e68e3f8ddf20659c82e8950db941dd31c462487cd249e3d748bff0e00468ea73,1785255301194,184.0,1785255301329.0,135.0
b9bdc7d6-5f48-57a0-8982-8e7978056654,e68e3f8ddf20659c82e8950db941dd31c462487cd249e3d748bff0e00468ea73,1785255301201,184.0,1785255301374.0,173.0
20fddbbc-0966-5746-97e4-447b10335bbb,e68e3f8ddf20659c82e8950db941dd31c462487cd249e3d748bff0e00468ea73,1785255302195,184.0,1785255302275.0,80.0
e435f1c1-f9e4-5fa3-8253-ffb25f98c434,e68e3f8ddf20659c82e8950db941dd31c462487cd249e3d748bff0e00468ea73,1785255302195,184.0,1785255302279.0,84.0
b69fbedb-3ccd-57c2-b630-8268908f891b,e68e3f8ddf20659c82e8950db941dd31c462487cd249e3d748bff0e00468ea73,1785255303185,184.0,1785255303266.0,81.0
3bee7ddc-f080-51c6-ad05-1bcfcc6e1c84,e68e3f8ddf20659c82e8950db941dd31c462487cd249e3d748bff0e00468ea73,1785255304243,184.0,1785255304301.0,58.0
6ca6af23-c7e7-52d3-be06-ca77c36d004b,e68e3f8ddf20659c82e8950db941dd31c462487cd249e3d748bff0e00468ea73,1785255304244,184.0,1785255304372.0,128.0
0bd7bc6e-142c-5110-8585-d47a7c66a669,e68e3f8ddf20659c82e8950db941dd31c462487cd249e3d748bff0e00468ea73,1785255305243,184.0,1785255305340.0,97.0
0bbb886c-77ea-5ce7-97c6-01b119d30ae8,e68e3f8ddf20659c82e8950db941dd31c462487cd249e3d748bff0e00468ea73,1785255305245,184.0,1785255305349.0,104.0
d75e6b17-5079-5c03-8bb6-9631c9f72650,e68e3f8ddf20659c82e8950db941dd31c462487cd249e3d748bff0e00468ea73,1785255306194,184.0,1785255306236.0,42.0
c854bc98-3357-54e5-aad0-c1ee08ef4925,e68e3f8ddf20659c82e8950db941dd31c462487cd249e3d748bff0e00468ea73,1785255307201,184.0,1785255307272.0,71.0
813b20e7-2ce2-5aa0-8af0-40c25b9ed0b6,e68e3f8ddf20659c82e8950db941dd31c462487cd249e3d748bff0e00468ea73,1785255307203,184.0,1785255307316.0,113.0
a95f6633-4069-594a-bc9b-a9425d8a3e5f,e68e3f8ddf20659c82e8950db941dd31c462487cd249e3d748bff0e00468ea73,1785255308230,184.0,1785255308309.0,79.0
e33bea75-adfa-5fd9-ad15-eee4e3bab4df,e68e3f8ddf20659c82e8950db941dd31c462487cd249e3d748bff0e00468ea73,1785255308230,184.0,1785255308314.0,84.0
997862e6-d394-5afd-9b96-8afd60c4e515,e68e3f8ddf20659c82e8950db941dd31c462487cd249e3d748bff0e00468ea73,1785255309213,184.0,1785255309257.0,44.0
7293741e-705e-5ee9-ae01-b1213c00f661,e68e3f8ddf20659c82e8950db941dd31c462487cd249e3d748bff0e00468ea73,1785255309248,184.0,1785255309296.0,48.0
0f118e4d-9301-5873-816a-1772d2b570e6,e68e3f8ddf20659c82e8950db941dd31c462487cd249e3d748bff0e00468ea73,1785255310207,184.0,1785255310244.0,37.0
feeb6fea-74db-570d-a722-6844467cdbf7,e68e3f8ddf20659c82e8950db941dd31c462487cd249e3d748bff0e00468ea73,1785255311197,184.0,1785255311230.0,33.0
178e8ca8-ddb4-5368-a04a-3ea5e1f4c770,e68e3f8ddf20659c82e8950db941dd31c462487cd249e3d748bff0e00468ea73,1785255311201,184.0,1785255311279.0,78.0
c72f85e6-4bd1-5b8a-99bf-177b6b2c7a04,e68e3f8ddf20659c82e8950db941dd31c462487cd249e3d748bff0e00468ea73,1785255312220,184.0,1785255312358.0,138.0
03dd02ce-f18d-5015-b207-8ae1ef149ec2,e68e3f8ddf20659c82e8950db941dd31c462487cd249e3d748bff0e00468ea73,1785255312225,184.0,1785255312367.0,142.0
5c22ec8d-89e0-5a68-9898-c905dfff78b7,e68e3f8ddf20659c82e8950db941dd31c462487cd249e3d748bff0e00468ea73,1785255313204,184.0,1785255313256.0,52.0
0f0c3d43-cb4a-5858-becf-d0c039e193e7,e68e3f8ddf20659c82e8950db941dd31c462487cd249e3d748bff0e00468ea73,1785255314203,184.0,1785255314292.0,89.0
7f192161-f13a-5d24-832a-7b6ffa096f22,e68e3f8ddf20659c82e8950db941dd31c462487cd249e3d748bff0e00468ea73,1785255314228,184.0,1785255314297.0,69.0
97292295-9272-57a1-8202-84fb1e9834a2,e68e3f8ddf20659c82e8950db941dd31c462487cd249e3d748bff0e00468ea73,1785255315224,184.0,1785255315236.0,12.0
2173151b-f8c0-5d4f-b442-ad6a6620f624,e68e3f8ddf20659c82e8950db941dd31c462487cd249e3d748bff0e00468ea73,1785255315224,184.0,1785255315304.0,80.0
4e292264-9793-5f7b-a1fd-e69e033ca44c,e68e3f8ddf20659c82e8950db941dd31c462487cd249e3d748bff0e00468ea73,1785255316218,184.0,1785255316321.0,103.0
5544d9f9-7d0e-521c-bdf1-6a6febb91e66,e68e3f8ddf20659c82e8950db941dd31c462487cd249e3d748bff0e00468ea73,1785255316219,184.0,1785255316362.0,143.0
d53b4a24-f9ca-5df3-ab3b-b4079bae0911,e68e3f8ddf20659c82e8950db941dd31c462487cd249e3d748bff0e00468ea73,1785255317224,184.0,1785255317262.0,38.0
955ecbb4-963d-5203-9498-1b9aafa4f2c7,e68e3f8ddf20659c82e8950db941dd31c462487cd249e3d748bff0e00468ea73,1785255318240,184.0,1785255318297.0,57.0
cd0d4e0f-bda8-5a6f-b808-c774dfcc1bc7,e68e3f8ddf20659c82e8950db941dd31c462487cd249e3d748bff0e00468ea73,1785255318240,184.0,1785255318303.0,63.0
61e1909f-3343-544a-99b9-f198b634d94e,e68e3f8ddf20659c82e8950db941dd31c462487cd249e3d748bff0e00468ea73,1785255319193,184.0,1785255319339.0,146.0
00a87217-0d44-5728-96ef-a63ac156fe47,e68e3f8ddf20659c82e8950db941dd31c462487cd249e3d748bff0e00468ea73,1785255319197,184.0,1785255319350.0,153.0
5aa0f8e0-3a81-5bc1-9096-d4bd8566a574,e68e3f8ddf20659c82e8950db941dd31c462487cd249e3d748bff0e00468ea73,1785255320221,184.0,1785255320276.0,55.0
640a6d5d-872e-5853-a2f0-ee85534aa041,e68e3f8ddf20659c82e8950db941dd31c462487cd249e3d748bff0e00468ea73,1785255320225,184.0,1785255320322.0,97.0
a7147c15-b973-5112-8881-c6bebe23250c,e68e3f8ddf20659c82e8950db941dd31c462487cd249e3d748bff0e00468ea73,1785255321223,184.0,1785255321265.0,42.0
32690a50-6d27-5789-a77f-6b4775bc1486,e68e3f8ddf20659c82e8950db941dd31c462487cd249e3d748bff0e00468ea73,1785255322201,184.0,1785255322302.0,101.0
178595fc-eb40-5fb6-987b-5f5d1c333e57,e68e3f8ddf20659c82e8950db941dd31c462487cd249e3d748bff0e00468ea73,1785255322234,184.0,1785255322308.0,74.0
645ae07b-f98e-5ca4-9f71-36686cca9cb2,e68e3f8ddf20659c82e8950db941dd31c462487cd249e3d748bff0e00468ea73,1785255323207,184.0,1785255323250.0,43.0
74b8bf22-9ff8-5256-8287-3aadca8b0da2,e68e3f8ddf20659c82e8950db941dd31c462487cd249e3d748bff0e00468ea73,1785255323210,184.0,1785255323254.0,44.0
26c1eb18-83a8-5dd4-9777-670db3d5401c,e68e3f8ddf20659c82e8950db941dd31c462487cd249e3d748bff0e00468ea73,1785255324223,184.0,1785255324282.0,59.0
1cbe82d7-0b69-5048-bade-5b73b549f40a,e68e3f8ddf20659c82e8950db941dd31c462487cd249e3d748bff0e00468ea73,1785255325228,184.0,1785255325316.0,88.0
ee491220-6c14-5302-bcbe-e425d28000bf,e68e3f8ddf20659c82e8950db941dd31c462487cd249e3d748bff0e00468ea73,1785255325228,184.0,1785255325322.0,94.0
df78b469-a367-5cdb-a273-7f75ee8b68f2,e68e3f8ddf20659c82e8950db941dd31c462487cd249e3d748bff0e00468ea73,1785255326212,184.0,1785255326310.0,98.0
60bd34e7-bf90-551e-8882-47d2b3b5f9db,e68e3f8ddf20659c82e8950db941dd31c462487cd249e3d748bff0e00468ea73,1785255326235,184.0,1785255326320.0,85.0
22bea31d-139f-57b2-ab17-39bcd9d115a9,e68e3f8ddf20659c82e8950db941dd31c462487cd249e3d748bff0e00468ea73,1785255327224,184.0,1785255327297.0,73.0
cea3ea0b-d006-55c5-9386-b22dc0fbe14c,e68e3f8ddf20659c82e8950db941dd31c462487cd249e3d748bff0e00468ea73,1785255327225,184.0,1785255327304.0,79.0
5a399964-4e4d-5aef-bacd-a70cc0f8a39a,e68e3f8ddf20659c82e8950db941dd31c462487cd249e3d748bff0e00468ea73,1785255328210,184.0,1785255328241.0,31.0
a93d2d69-db02-53c2-adec-9cd132cb9203,e68e3f8ddf20659c82e8950db941dd31c462487cd249e3d748bff0e00468ea73,1785255329218,184.0,1785255329282.0,64.0
33139be9-7ca3-5946-a74a-aae361819741,e68e3f8ddf20659c82e8950db941dd31c462487cd249e3d748bff0e00468ea73,1785255329218,184.0,1785255329322.0,104.0
025bf44e-8150-5bc1-9576-e62466f30548,e68e3f8ddf20659c82e8950db941dd31c462487cd249e3d748bff0e00468ea73,1785255330212,184.0,1785255330269.0,57.0
3d437e30-e2a5-5cb3-9cf6-24e08ee1c26b,e68e3f8ddf20659c82e8950db941dd31c462487cd249e3d748bff0e00468ea73,1785255330214,184.0,1785255330278.0,64.0
6c3addd0-e77a-59a3-837b-5d53f56b4552,e68e3f8ddf20659c82e8950db941dd31c462487cd249e3d748bff0e00468ea73,1785255331241,184.0,1785255331444.0,203.0
cc46ea9a-b9bf-58f3-8013-e0b86f924310,e68e3f8ddf20659c82e8950db941dd31c462487cd249e3d748bff0e00468ea73,1785255331242,184.0,1785255331447.0,205.0
af87d83a-8dce-50f1-ba0b-a763a9fb48e0,e68e3f8ddf20659c82e8950db941dd31c462487cd249e3d748bff0e00468ea73,1785255332205,184.0,1785255332254.0,49.0
21256771-b71f-50e4-abf3-cd56c3bca1e5,e68e3f8ddf20659c82e8950db941dd31c462487cd249e3d748bff0e00468ea73,1785255333214,184.0,1785255333325.0,111.0
afd87cc3-66f7-5655-8bef-95e534a46249,e68e3f8ddf20659c82e8950db941dd31c462487cd249e3d748bff0e00468ea73,1785255333217,184.0,1785255333330.0,113.0
9006128c-ad6a-56cc-bc6e-33d779d64c5c,e68e3f8ddf20659c82e8950db941dd31c462487cd249e3d748bff0e00468ea73,1785255334207,184.0,1785255334372.0,165.0
d016962b-0d75-50d3-bdc9-785b5ec0d9e3,e68e3f8ddf20659c82e8950db941dd31c462487cd249e3d748bff0e00468ea73,1785255334209,184.0,1785255334385.0,176.0
beb8c4d6-adc4-54f6-ad4d-e7804e9de8ad,e68e3f8ddf20659c82e8950db941dd31c462487cd249e3d748bff0e00468ea73,1785255335216,184.0,1785255335263.0,47.0
8d33b212-f487-58ba-8706-b73d9f9d9ec7,e68e3f8ddf20659c82e8950db941dd31c462487cd249e3d748bff0e00468ea73,1785255336211,184.0,1785255336299.0,88.0
e20963a1-9246-5776-a14d-a6d965d9a75e,e68e3f8ddf20659c82e8950db941dd31c462487cd249e3d748bff0e00468ea73,1785255336214,184.0,1785255336306.0,92.0
b541dc69-2c4d-5ed7-adb9-80afc154fde3,e68e3f8ddf20659c82e8950db941dd31c462487cd249e3d748bff0e00468ea73,1785255337210,184.0,1785255337295.0,85.0
3d5c4ade-24dc-5d48-8611-6b3a5702c433,e68e3f8ddf20659c82e8950db941dd31c462487cd249e3d748bff0e00468ea73,1785255337212,184.0,1785255337300.0,88.0
0b839dd6-04f2-5d93-8bd9-296fddb3cf91,e68e3f8ddf20659c82e8950db941dd31c462487cd249e3d748bff0e00468ea73,1785255338196,184.0,1785255338345.0,149.0
2dbb3c8d-11a5-5e87-adf4-febdfcaa870b,e68e3f8ddf20659c82e8950db941dd31c462487cd249e3d748bff0e00468ea73,1785255338202,184.0,1785255338353.0,151.0
a7872cbd-8b95-5e10-abfa-e55805e535a0,e68e3f8ddf20659c82e8950db941dd31c462487cd249e3d748bff0e00468ea73,1785255339230,184.0,1785255339271.0,41.0
e3c5aa52-6063-519d-9bcd-31cb8853a1db,e68e3f8ddf20659c82e8950db941dd31c462487cd249e3d748bff0e00468ea73,1785255340228,184.0,1785255340261.0,33.0
0e19f509-cd74-5dac-b771-91c5a60a6919,e68e3f8ddf20659c82e8950db941dd31c462487cd249e3d748bff0e00468ea73,1785255340232,184.0,1785255340300.0,68.0
39bc9783-219f-5a54-98eb-9fffffb2d8f3,e68e3f8ddf20659c82e8950db941dd31c462487cd249e3d748bff0e00468ea73,1785255341217,184.0,1785255341340.0,123.0
84aecb69-4ca9-524e-a233-03cdac505af6,e68e3f8ddf20659c82e8950db941dd31c462487cd249e3d748bff0e00468ea73,1785255341219,184.0,1785255341350.0,131.0
79ba2e21-b50e-5717-8409-216f888e69f8,e68e3f8ddf20659c82e8950db941dd31c462487cd249e3d748bff0e00468ea73,1785255342204,184.0,1785255342252.0,48.0
38586ae5-fd83-5917-acc8-3b2fb0577c2c,e68e3f8ddf20659c82e8950db941dd31c462487cd249e3d748bff0e00468ea73,1785255350348,184.0,,
bef416a1-e9c3-542e-8e18-0e4f25544a85,e68e3f8ddf20659c82e8950db941dd31c462487cd249e3d748bff0e00468ea73,1785255350411,184.0,,
756311f9-8603-547e-991d-e4e67c5a675d,e68e3f8ddf20659c82e8950db941dd31c462487cd249e3d748bff0e00468ea73,1785255351171,184.0,,
5b8b3c01-5621-521f-8217-afb732429d74,e68e3f8ddf20659c82e8950db941dd31c462487cd249e3d748bff0e00468ea73,1785255351171,184.0,,
e227825d-88e9-5d20-bf4d-297e96fb3f7c,e68e3f8ddf20659c82e8950db941dd31c462487cd249e3d748bff0e00468ea73,1785255352176,184.0,,
27ccb15b-226d-5d09-94e9-551f4ebaaf2b,e68e3f8ddf20659c82e8950db941dd31c462487cd249e3d748bff0e00468ea73,1785255352177,184.0,,
feabe4f6-68b4-5da8-ba31-20551d3722d9,e68e3f8ddf20659c82e8950db941dd31c462487cd249e3d748bff0e00468ea73,1785255353236,184.0,1785255353306.0,70.0
f1818317-3ac8-5b45-84f0-5e7f778a4c33,e68e3f8ddf20659c82e8950db941dd31c462487cd249e3d748bff0e00468ea73,1785255354240,184.0,1785255354342.0,102.0
794e7b4f-c408-5b22-b76b-485af94b21aa,e68e3f8ddf20659c82e8950db941dd31c462487cd249e3d748bff0e00468ea73,1785255354241,184.0,1785255354347.0,106.0
fb865de6-b5b5-5a74-86cf-65ea06f69b7a,e68e3f8ddf20659c82e8950db941dd31c462487cd249e3d748bff0e00468ea73,1785255355232,184.0,1785255355288.0,56.0
8bc55b78-c9d2-50aa-a497-fd1b7a908645,e68e3f8ddf20659c82e8950db941dd31c462487cd249e3d748bff0e00468ea73,1785255355233,184.0,1785255355292.0,59.0
f3f4ca6e-c5ea-5881-8e58-acddfd47958d,e68e3f8ddf20659c82e8950db941dd31c462487cd249e3d748bff0e00468ea73,1785255356269,184.0,1785255356332.0,63.0
4868e348-2ad9-5db9-9f06-52c5c9c4e11c,e68e3f8ddf20659c82e8950db941dd31c462487cd249e3d748bff0e00468ea73,1785255356269,184.0,1785255356378.0,109.0
cc908a6b-e970-54d4-a118-3b9e9ea53702,e68e3f8ddf20659c82e8950db941dd31c462487cd249e3d748bff0e00468ea73,1785255357214,184.0,1785255357267.0,53.0
bf6e2c20-c639-5484-8617-60ef325cfb44,e68e3f8ddf20659c82e8950db941dd31c462487cd249e3d748bff0e00468ea73,1785255358248,184.0,1785255358352.0,104.0
d81d7559-f54f-5c4a-93b0-04a7f563f6aa,e68e3f8ddf20659c82e8950db941dd31c462487cd249e3d748bff0e00468ea73,1785255358252,184.0,1785255358358.0,106.0
7daa1265-2d86-57b8-9ebe-755a566e086a,e68e3f8ddf20659c82e8950db941dd31c462487cd249e3d748bff0e00468ea73,1785255359215,184.0,1785255359349.0,134.0
4cb6fa22-4a1a-5909-8a1f-134a4c9aefdf,e68e3f8ddf20659c82e8950db941dd31c462487cd249e3d748bff0e00468ea73,1785255359248,184.0,1785255359356.0,108.0
74efd6e9-d091-512e-80bf-db3562a76d7b,e68e3f8ddf20659c82e8950db941dd31c462487cd249e3d748bff0e00468ea73,1785255360208,184.0,1785255360282.0,74.0
47ff1927-8674-5c99-af01-4828d135c4c7,e68e3f8ddf20659c82e8950db941dd31c462487cd249e3d748bff0e00468ea73,1785255361215,184.0,1785255361362.0,147.0
81cc5f46-7e63-525e-9a4f-222cbac6402d,e68e3f8ddf20659c82e8950db941dd31c462487cd249e3d748bff0e00468ea73,1785255361224,184.0,1785255361379.0,155.0
a6c772ef-05bd-5e49-8dfc-5b5cecf2bce1,e68e3f8ddf20659c82e8950db941dd31c462487cd249e3d748bff0e00468ea73,1785255362232,184.0,1785255362352.0,120.0
4072bfd4-51f3-509b-994b-43ecaf078f78,e68e3f8ddf20659c82e8950db941dd31c462487cd249e3d748bff0e00468ea73,1785255362235,184.0,1785255362358.0,123.0
8762262d-dbbf-598d-9f70-93d636d4aec8,e68e3f8ddf20659c82e8950db941dd31c462487cd249e3d748bff0e00468ea73,1785255363241,184.0,1785255363341.0,100.0
6612cc1b-4099-5ba9-adc4-d6bdd8e2d635,e68e3f8ddf20659c82e8950db941dd31c462487cd249e3d748bff0e00468ea73,1785255363265,184.0,1785255363348.0,83.0
26c2924e-7575-59a8-89ae-ba6ed1b23ede,e68e3f8ddf20659c82e8950db941dd31c462487cd249e3d748bff0e00468ea73,1785255364215,184.0,1785255364285.0,70.0
dc7734fd-eb6f-5c69-aff9-51712672eaaf,e68e3f8ddf20659c82e8950db941dd31c462487cd249e3d748bff0e00468ea73,1785255365225,184.0,1785255365370.0,145.0
468a12fc-7c04-5208-ae80-6eebce007391,e68e3f8ddf20659c82e8950db941dd31c462487cd249e3d748bff0e00468ea73,1785255365254,184.0,1785255365382.0,128.0
74b78d35-8c2c-5911-82c1-500ec57db160,e68e3f8ddf20659c82e8950db941dd31c462487cd249e3d748bff0e00468ea73,1785255366224,184.0,1785255366267.0,43.0
de45a922-7faf-57f0-aa26-b3710e97a121,e68e3f8ddf20659c82e8950db941dd31c462487cd249e3d748bff0e00468ea73,1785255366227,184.0,1785255366318.0,91.0
0071d299-1ada-54d0-a0d0-0de8715f935d,e68e3f8ddf20659c82e8950db941dd31c462487cd249e3d748bff0e00468ea73,1785255367249,184.0,1785255367344.0,95.0
dff0b154-09e0-5c33-a88b-25475a5da218,e68e3f8ddf20659c82e8950db941dd31c462487cd249e3d748bff0e00468ea73,1785255367255,184.0,1785255367370.0,115.0
7afa6885-9e29-5b6b-8fe2-d28d0669a33f,e68e3f8ddf20659c82e8950db941dd31c462487cd249e3d748bff0e00468ea73,1785255368214,184.0,1785255368250.0,36.0
b5481b14-04b4-5b8f-a2fe-2561bae1aa13,e68e3f8ddf20659c82e8950db941dd31c462487cd249e3d748bff0e00468ea73,1785255369238,184.0,1785255369327.0,89.0
84f78d16-ad89-5b05-93cb-16303c9947c2,e68e3f8ddf20659c82e8950db941dd31c462487cd249e3d748bff0e00468ea73,1785255369239,184.0,1785255369333.0,94.0
c3dad113-ba84-5dd2-902f-0506c3e4164f,e68e3f8ddf20659c82e8950db941dd31c462487cd249e3d748bff0e00468ea73,1785255370220,184.0,1785255370282.0,62.0
6514b857-24ec-5ff3-b176-f12b6b64a8da,e68e3f8ddf20659c82e8950db941dd31c462487cd249e3d748bff0e00468ea73,1785255370220,184.0,1785255370287.0,67.0
1ac8f267-22ac-536b-bfda-9820471cb5cd,e68e3f8ddf20659c82e8950db941dd31c462487cd249e3d748bff0e00468ea73,1785255371212,184.0,1785255371315.0,103.0
b2cce1f7-2b68-57eb-970b-0bbd2bb51c03,e68e3f8ddf20659c82e8950db941dd31c462487cd249e3d748bff0e00468ea73,1785255372223,184.0,1785255372343.0,120.0
64f74785-ed95-5f83-a416-89204fc19963,e68e3f8ddf20659c82e8950db941dd31c462487cd249e3d748bff0e00468ea73,1785255372248,184.0,1785255372347.0,99.0
629875ec-3970-5b0b-a999-ea07127348bd,e68e3f8ddf20659c82e8950db941dd31c462487cd249e3d748bff0e00468ea73,1785255373216,184.0,1785255373287.0,71.0
4427f1d8-be7a-57da-96a4-22aee4222a70,e68e3f8ddf20659c82e8950db941dd31c462487cd249e3d748bff0e00468ea73,1785255373222,184.0,1785255373293.0,71.0
d8bbe74b-9715-57bd-9fbe-2b9bf49bbf74,e68e3f8ddf20659c82e8950db941dd31c462487cd249e3d748bff0e00468ea73,1785255374220,184.0,1785255374330.0,110.0
0d91bab0-01e8-5fdd-ada3-4b7ac1cb507f,e68e3f8ddf20659c82e8950db941dd31c462487cd249e3d748bff0e00468ea73,1785255374220,184.0,1785255374338.0,118.0
5dae78c9-70bd-5aec-96d3-058815e825b6,e68e3f8ddf20659c82e8950db941dd31c462487cd249e3d748bff0e00468ea73,1785255375244,184.0,1785255375311.0,67.0
1e8626fd-4eb8-5d08-aea5-e860ee4793df,e68e3f8ddf20659c82e8950db941dd31c462487cd249e3d748bff0e00468ea73,1785255376181,184.0,1785255376254.0,73.0
560d577c-748e-5fd9-ae93-e8b1dfb7b3bd,e68e3f8ddf20659c82e8950db941dd31c462487cd249e3d748bff0e00468ea73,1785255376183,184.0,1785255376259.0,76.0
63d7340b-9ca6-5dfc-81e2-260d718d2133,e68e3f8ddf20659c82e8950db941dd31c462487cd249e3d748bff0e00468ea73,1785255377254,184.0,1785255377350.0,96.0
43ff66f2-758e-5a8c-bf2e-dbd60b5cc710,e68e3f8ddf20659c82e8950db941dd31c462487cd249e3d748bff0e00468ea73,1785255377256,184.0,1785255377359.0,103.0
ed32c308-1772-56b3-843c-9f6764a645b5,e68e3f8ddf20659c82e8950db941dd31c462487cd249e3d748bff0e00468ea73,1785255378210,184.0,1785255378282.0,72.0
8723a02b-0abf-568c-bd19-9c800d5f97cf,e68e3f8ddf20659c82e8950db941dd31c462487cd249e3d748bff0e00468ea73,1785255379194,184.0,1785255379228.0,34.0
c58f540f-4934-57b6-9156-a1e39d9163b5,e68e3f8ddf20659c82e8950db941dd31c462487cd249e3d748bff0e00468ea73,1785255379201,184.0,1785255379270.0,69.0
dcd77aa3-9fd7-5077-b36d-dfda82bd73fa,e68e3f8ddf20659c82e8950db941dd31c462487cd249e3d748bff0e00468ea73,1785255380186,184.0,1785255380259.0,73.0
0618640b-209c-5048-a9c8-f599d98b5888,e68e3f8ddf20659c82e8950db941dd31c462487cd249e3d748bff0e00468ea73,1785255380196,184.0,1785255380263.0,67.0
2220687e-bce8-527d-8c9b-1d480e27b579,e68e3f8ddf20659c82e8950db941dd31c462487cd249e3d748bff0e00468ea73,1785255381246,184.0,1785255381296.0,50.0
5a1e6a01-3b89-5097-87bf-76ce510eb8b4,e68e3f8ddf20659c82e8950db941dd31c462487cd249e3d748bff0e00468ea73,1785255381247,184.0,1785255381355.0,108.0
eab182fd-50e5-5e50-b86a-d11e87373f5b,e68e3f8ddf20659c82e8950db941dd31c462487cd249e3d748bff0e00468ea73,1785255382239,184.0,1785255382289.0,50.0
34a99394-cea9-5901-a8a0-89ecc230c41c,e68e3f8ddf20659c82e8950db941dd31c462487cd249e3d748bff0e00468ea73,1785255383212,184.0,1785255383282.0,70.0
fb5ce24e-ff10-5464-8825-0c0b5b75ee36,e68e3f8ddf20659c82e8950db941dd31c462487cd249e3d748bff0e00468ea73,1785255383219,184.0,1785255383330.0,111.0
015f6d57-783a-5aa3-a43b-5cfcca2b8569,e68e3f8ddf20659c82e8950db941dd31c462487cd249e3d748bff0e00468ea73,1785255384230,184.0,1785255384265.0,35.0
31c518d1-ffb5-5d29-b4c5-7b5996c4ca7d,e68e3f8ddf20659c82e8950db941dd31c462487cd249e3d748bff0e00468ea73,1785255384230,184.0,1785255384270.0,40.0
efd7e50f-c69e-5053-b05c-6245eac1e36c,e68e3f8ddf20659c82e8950db941dd31c462487cd249e3d748bff0e00468ea73,1785255385230,184.0,1785255385348.0,118.0
d6a7a9bf-633d-5309-81c9-ae9043bd9bf8,e68e3f8ddf20659c82e8950db941dd31c462487cd249e3d748bff0e00468ea73,1785255385271,184.0,1785255385353.0,82.0
cf41b116-e0b1-5947-aea1-d780e4a38d12,e68e3f8ddf20659c82e8950db941dd31c462487cd249e3d748bff0e00468ea73,1785255386226,184.0,1785255386306.0,80.0
6f7b2bbf-0e0a-5436-ad1b-d0f50c4971af,e68e3f8ddf20659c82e8950db941dd31c462487cd249e3d748bff0e00468ea73,1785255387269,184.0,1785255387372.0,103.0
18faf0b4-8188-5c9d-9be2-7a70c9a4fa75,e68e3f8ddf20659c82e8950db941dd31c462487cd249e3d748bff0e00468ea73,1785255387271,184.0,1785255387381.0,110.0
625728c6-27b1-510a-9659-bda1d96357dd,e68e3f8ddf20659c82e8950db941dd31c462487cd249e3d748bff0e00468ea73,1785255388216,184.0,1785255388316.0,100.0
c50b26b9-d0e0-502f-b4c3-9992744a7ba3,e68e3f8ddf20659c82e8950db941dd31c462487cd249e3d748bff0e00468ea73,1785255388245,184.0,1785255388322.0,77.0
3c710007-ec79-5dad-8500-d437b2bab67b,e68e3f8ddf20659c82e8950db941dd31c462487cd249e3d748bff0e00468ea73,1785255389250,184.0,1785255389306.0,56.0
4062a9f2-c1f6-52f9-be6d-33cf2583452f,e68e3f8ddf20659c82e8950db941dd31c462487cd249e3d748bff0e00468ea73,1785255390188,184.0,1785255390299.0,111.0
b26baa06-8821-52df-b1a1-8e9118b16f8e,e68e3f8ddf20659c82e8950db941dd31c462487cd249e3d748bff0e00468ea73,1785255390196,184.0,1785255390308.0,112.0
99b27ffc-5431-5463-9b5a-2fa7567a4f8f,e68e3f8ddf20659c82e8950db941dd31c462487cd249e3d748bff0e00468ea73,1785255391203,184.0,1785255391287.0,84.0
b9040c41-5d7e-54d3-9600-0c162a9a9629,e68e3f8ddf20659c82e8950db941dd31c462487cd249e3d748bff0e00468ea73,1785255391232,184.0,1785255391293.0,61.0
c35c1ba5-2802-5e31-890e-08dcf3ae8ce9,e68e3f8ddf20659c82e8950db941dd31c462487cd249e3d748bff0e00468ea73,1785255392222,184.0,1785255392285.0,63.0
8adad398-e40b-52eb-afef-ab8dd4f4beda,e68e3f8ddf20659c82e8950db941dd31c462487cd249e3d748bff0e00468ea73,1785255392224,184.0,1785255392324.0,100.0
ccaf7f01-9c3b-5178-bfa1-324f44771bd5,e68e3f8ddf20659c82e8950db941dd31c462487cd249e3d748bff0e00468ea73,1785255393240,184.0,1785255393310.0,70.0
bfaa7870-7378-5321-ac36-053258666c0e,e68e3f8ddf20659c82e8950db941dd31c462487cd249e3d748bff0e00468ea73,1785255394223,184.0,1785255394325.0,102.0
81b74df3-f1f8-55f5-830e-e2657cdfc60d,e68e3f8ddf20659c82e8950db941dd31c462487cd249e3d748bff0e00468ea73,1785255394229,184.0,1785255394331.0,102.0
aa55bb69-635d-586c-b5db-70cb1ec798a3,e68e3f8ddf20659c82e8950db941dd31c462487cd249e3d748bff0e00468ea73,1785255395222,184.0,1785255395334.0,112.0
2cdb5ca0-1994-539b-9ef8-5e2bd1ba75c1,e68e3f8ddf20659c82e8950db941dd31c462487cd249e3d748bff0e00468ea73,1785255395224,184.0,1785255395339.0,115.0
b675fc6b-f558-5326-9f8a-c0f9e85534be,e68e3f8ddf20659c82e8950db941dd31c462487cd249e3d748bff0e00468ea73,1785255396221,184.0,1785255396281.0,60.0
ebe03325-8da8-520a-8859-2a0214be118f,e68e3f8ddf20659c82e8950db941dd31c462487cd249e3d748bff0e00468ea73,1785255396224,184.0,1785255396287.0,63.0
de07928e-00a8-53ac-8a35-15c97bb11185,e68e3f8ddf20659c82e8950db941dd31c462487cd249e3d748bff0e00468ea73,1785255397230,184.0,1785255397332.0,102.0
ad751a0d-9422-5993-a3dd-d83739af864e,e68e3f8ddf20659c82e8950db941dd31c462487cd249e3d748bff0e00468ea73,1785255398255,184.0,1785255398306.0,51.0
24484fae-ff1f-5966-80cb-6ca8c73cc058,e68e3f8ddf20659c82e8950db941dd31c462487cd249e3d748bff0e00468ea73,1785255398257,184.0,1785255398355.0,98.0
83f85d07-0fd2-597a-b9a1-1c335dd0479d,e68e3f8ddf20659c82e8950db941dd31c462487cd249e3d748bff0e00468ea73,1785255399211,184.0,1785255399251.0,40.0
cc0d3b0e-6015-5530-9d0f-628b005cc421,e68e3f8ddf20659c82e8950db941dd31c462487cd249e3d748bff0e00468ea73,1785255399213,184.0,1785255399305.0,92.0
d64a29b3-5cbf-5b10-ac03-30bc1fa5b096,e68e3f8ddf20659c82e8950db941dd31c462487cd249e3d748bff0e00468ea73,1785255400200,184.0,1785255400243.0,43.0
93c947a2-e94a-58aa-a919-e4a52433a2d9,e68e3f8ddf20659c82e8950db941dd31c462487cd249e3d748bff0e00468ea73,1785255401227,184.0,1785255401385.0,158.0
88831ce7-9a79-5c96-9fa1-9ee7796ead00,e68e3f8ddf20659c82e8950db941dd31c462487cd249e3d748bff0e00468ea73,1785255401230,184.0,1785255401407.0,177.0
3449d518-f0a1-5093-a676-8a9b5a30d0a7,e68e3f8ddf20659c82e8950db941dd31c462487cd249e3d748bff0e00468ea73,1785255402215,184.0,1785255402316.0,101.0
20e1662c-5ff0-52d6-8edc-a507ec997b2a,e68e3f8ddf20659c82e8950db941dd31c462487cd249e3d748bff0e00468ea73,1785255402222,184.0,1785255402322.0,100.0
308b86ff-8ee7-50ee-8bee-4b1efe0c3911,e68e3f8ddf20659c82e8950db941dd31c462487cd249e3d748bff0e00468ea73,1785255403221,184.0,1785255403302.0,81.0
22cfc36a-140c-50b7-9c75-752794e6c27c,e68e3f8ddf20659c82e8950db941dd31c462487cd249e3d748bff0e00468ea73,1785255403227,184.0,1785255403307.0,80.0
11ecf155-b4f1-5191-b048-950abdd69133,e68e3f8ddf20659c82e8950db941dd31c462487cd249e3d748bff0e00468ea73,1785255404211,184.0,1785255404290.0,79.0
d562b160-6235-5f67-9123-49ecd494114a,e68e3f8ddf20659c82e8950db941dd31c462487cd249e3d748bff0e00468ea73,1785255405235,184.0,1785255405329.0,94.0
bc4b8513-b7f8-5bf2-8ae1-9d2898407682,e68e3f8ddf20659c82e8950db941dd31c462487cd249e3d748bff0e00468ea73,1785255405236,184.0,1785255405389.0,153.0
9e3f5c12-1049-5520-9027-59493515d626,e68e3f8ddf20659c82e8950db941dd31c462487cd249e3d748bff0e00468ea73,1785255406208,184.0,1785255406271.0,63.0
619eac50-536c-5d5a-8015-5360376bfe3b,e68e3f8ddf20659c82e8950db941dd31c462487cd249e3d748bff0e00468ea73,1785255406230,184.0,1785255406315.0,85.0
78b898dd-e7a9-5724-8b43-b802688d8da9,e68e3f8ddf20659c82e8950db941dd31c462487cd249e3d748bff0e00468ea73,1785255407241,184.0,1785255407306.0,65.0
2f611215-c25b-56cb-8e50-7f421a13f984,e68e3f8ddf20659c82e8950db941dd31c462487cd249e3d748bff0e00468ea73,1785255415360,184.0,,
65d7ff0e-29b6-5af5-8090-fb730d71f01a,e68e3f8ddf20659c82e8950db941dd31c462487cd249e3d748bff0e00468ea73,1785255415409,184.0,,
7da011ee-4ed5-5fd5-8bfe-77cf5378f5f0,e68e3f8ddf20659c82e8950db941dd31c462487cd249e3d748bff0e00468ea73,1785255416223,184.0,,
d9575545-fe55-5ecc-b1ac-30b1cceb4a78,e68e3f8ddf20659c82e8950db941dd31c462487cd249e3d748bff0e00468ea73,1785255416224,184.0,,
6cb3ce6f-ee58-5453-a440-1131708f6f26,e68e3f8ddf20659c82e8950db941dd31c462487cd249e3d748bff0e00468ea73,1785255417236,184.0,1785255417309.0,73.0
d037b61a-ce20-5233-a296-b31d66841a14,e68e3f8ddf20659c82e8950db941dd31c462487cd249e3d748bff0e00468ea73,1785255417239,184.0,1785255417313.0,74.0
44b0517d-228f-5bde-98fb-a3bb6cd92552,e68e3f8ddf20659c82e8950db941dd31c462487cd249e3d748bff0e00468ea73,1785255418239,184.0,1785255418287.0,48.0
5ce97bf9-6d40-5f6b-bd5f-227b570611d8,e68e3f8ddf20659c82e8950db941dd31c462487cd249e3d748bff0e00468ea73,1785255419241,184.0,1785255419278.0,37.0
3e16a0d4-6c65-5684-b1d4-4746b384f2c1,e68e3f8ddf20659c82e8950db941dd31c462487cd249e3d748bff0e00468ea73,1785255419269,184.0,1785255419328.0,59.0
bb70ded6-759c-59bd-9fb3-5cc512e6733c,e68e3f8ddf20659c82e8950db941dd31c462487cd249e3d748bff0e00468ea73,1785255420219,184.0,1785255420311.0,92.0
b0fe97be-4f21-5289-8b54-d31bcd482915,e68e3f8ddf20659c82e8950db941dd31c462487cd249e3d748bff0e00468ea73,1785255420221,184.0,1785255420315.0,94.0
1683c1fd-e866-5dd6-894c-280ab4e3cf86,e68e3f8ddf20659c82e8950db941dd31c462487cd249e3d748bff0e00468ea73,1785255421260,184.0,1785255421403.0,143.0
4e649224-2260-5fbb-acd7-d9e35a43dd7d,e68e3f8ddf20659c82e8950db941dd31c462487cd249e3d748bff0e00468ea73,1785255421263,184.0,1785255421407.0,144.0
dd64115b-a686-52d7-bebd-0c8c03b0dc17,e68e3f8ddf20659c82e8950db941dd31c462487cd249e3d748bff0e00468ea73,1785255422244,184.0,1785255422290.0,46.0
2a369569-c913-5090-85c5-41eddb0b1389,e68e3f8ddf20659c82e8950db941dd31c462487cd249e3d748bff0e00468ea73,1785255423232,184.0,1785255423280.0,48.0
99c55e08-d7b4-55af-b6ca-193cc2b05291,e68e3f8ddf20659c82e8950db941dd31c462487cd249e3d748bff0e00468ea73,1785255423234,184.0,1785255423285.0,51.0
be88bbf3-7674-583b-91ab-1a928c2fad04,e68e3f8ddf20659c82e8950db941dd31c462487cd249e3d748bff0e00468ea73,1785255424237,184.0,1785255424315.0,78.0
ec1d3d2f-b12f-5fa9-84a2-de2f8d5ed4b6,e68e3f8ddf20659c82e8950db941dd31c462487cd249e3d748bff0e00468ea73,1785255424269,184.0,1785255424320.0,51.0
c027bed7-db68-585c-a68c-1e4ab253b75f,e68e3f8ddf20659c82e8950db941dd31c462487cd249e3d748bff0e00468ea73,1785255425246,184.0,1785255425305.0,59.0
6effad94-3fe9-5fef-bcc6-aac25295cd38,e68e3f8ddf20659c82e8950db941dd31c462487cd249e3d748bff0e00468ea73,1785255426230,184.0,1785255426347.0,117.0
de9cf07e-b1a4-5bd8-87a7-95fe6726275b,e68e3f8ddf20659c82e8950db941dd31c462487cd249e3d748bff0e00468ea73,1785255426241,184.0,1785255426361.0,120.0
8edfdab2-262a-5700-97ab-71599ea04495,e68e3f8ddf20659c82e8950db941dd31c462487cd249e3d748bff0e00468ea73,1785255427239,184.0,1785255427286.0,47.0
963d81d8-7d37-5882-a429-b614b2fddeec,e68e3f8ddf20659c82e8950db941dd31c462487cd249e3d748bff0e00468ea73,1785255427241,184.0,1785255427340.0,99.0
480d5b2f-e62f-56ca-ba32-a0307104ea74,e68e3f8ddf20659c82e8950db941dd31c462487cd249e3d748bff0e00468ea73,1785255428231,184.0,1785255428275.0,44.0
1757de39-76de-5fae-8877-4edfbdf55f0a,e68e3f8ddf20659c82e8950db941dd31c462487cd249e3d748bff0e00468ea73,1785255428233,184.0,1785255428281.0,48.0
7d85d209-cb2b-5b8c-84b0-6a8533cfe7f7,e68e3f8ddf20659c82e8950db941dd31c462487cd249e3d748bff0e00468ea73,1785255429225,184.0,1785255429266.0,41.0
36b5a360-62ae-5abd-b1c8-67dfaf954dfb,e68e3f8ddf20659c82e8950db941dd31c462487cd249e3d748bff0e00468ea73,1785255430233,184.0,1785255430267.0,34.0
80e02337-b5c0-5c85-aae7-272bf0060600,e68e3f8ddf20659c82e8950db941dd31c462487cd249e3d748bff0e00468ea73,1785255430245,184.0,1785255430304.0,59.0
17902520-d2db-5531-bddf-4245ebb54eaa,e68e3f8ddf20659c82e8950db941dd31c462487cd249e3d748bff0e00468ea73,1785255431235,184.0,1785255431297.0,62.0
33741f6f-2812-5fe8-8635-cf4f8a8ff388,e68e3f8ddf20659c82e8950db941dd31c462487cd249e3d748bff0e00468ea73,1785255431239,184.0,1785255431334.0,95.0
b14e6d9d-a7b0-5997-a89e-3415c4a36c05,e68e3f8ddf20659c82e8950db941dd31c462487cd249e3d748bff0e00468ea73,1785255432265,184.0,1785255432325.0,60.0
c486e0f9-793d-51ee-adf8-2fe22ece87e9,e68e3f8ddf20659c82e8950db941dd31c462487cd249e3d748bff0e00468ea73,1785255432270,184.0,1785255432331.0,61.0
c6fe799e-0695-52be-9932-1fa438cc203f,e68e3f8ddf20659c82e8950db941dd31c462487cd249e3d748bff0e00468ea73,1785255433217,184.0,1785255433369.0,152.0
6bf1396a-8db5-5a87-bc8c-0c3f625216ac,e68e3f8ddf20659c82e8950db941dd31c462487cd249e3d748bff0e00468ea73,1785255434229,184.0,1785255434308.0,79.0
c8d19a38-397b-5107-b15b-bbe16c62f336,e68e3f8ddf20659c82e8950db941dd31c462487cd249e3d748bff0e00468ea73,1785255434239,184.0,1785255434317.0,78.0
c9223ac0-5d26-5ef8-940d-b7729dafc8c4,e68e3f8ddf20659c82e8950db941dd31c462487cd249e3d748bff0e00468ea73,1785255435216,184.0,1785255435256.0,40.0
f6b75b29-e5c4-56c5-82de-b48e710e839b,e68e3f8ddf20659c82e8950db941dd31c462487cd249e3d748bff0e00468ea73,1785255435239,184.0,1785255435299.0,60.0
6cfe98fa-3c99-57c4-a53e-628126fc83fa,e68e3f8ddf20659c82e8950db941dd31c462487cd249e3d748bff0e00468ea73,1785255436215,184.0,1785255436242.0,27.0
130b4983-30b8-5b2d-a568-071649dd9fc3,e68e3f8ddf20659c82e8950db941dd31c462487cd249e3d748bff0e00468ea73,1785255437249,184.0,1785255437323.0,74.0
21c43303-8ed8-5dd0-a166-3267666f1045,e68e3f8ddf20659c82e8950db941dd31c462487cd249e3d748bff0e00468ea73,1785255437274,184.0,1785255437329.0,55.0
cc1fc342-dc76-5484-ab95-652c8432ab2d,e68e3f8ddf20659c82e8950db941dd31c462487cd249e3d748bff0e00468ea73,1785255438258,184.0,1785255438375.0,117.0
ea6fd035-3c4a-5f8f-bb99-5dc1ea7ad964,e68e3f8ddf20659c82e8950db941dd31c462487cd249e3d748bff0e00468ea73,1785255438261,184.0,1785255438379.0,118.0
7f9b478b-3e95-52a3-90cf-557658cc057a,e68e3f8ddf20659c82e8950db941dd31c462487cd249e3d748bff0e00468ea73,1785255439214,184.0,1785255439313.0,99.0
0bfdcb36-aaf6-500f-9f49-2af0317eb02e,e68e3f8ddf20659c82e8950db941dd31c462487cd249e3d748bff0e00468ea73,1785255439215,184.0,1785255439320.0,105.0
7d2a9f14-3245-589a-b1c2-5cf7c3a7d59c,e68e3f8ddf20659c82e8950db941dd31c462487cd249e3d748bff0e00468ea73,1785255440220,184.0,1785255440245.0,25.0
14e81f20-4c10-5c7d-aa37-d46b62e13aea,e68e3f8ddf20659c82e8950db941dd31c462487cd249e3d748bff0e00468ea73,1785255441244,184.0,1785255441393.0,149.0
6cde52fb-31cd-53d0-be10-298cffcdf5a3,e68e3f8ddf20659c82e8950db941dd31c462487cd249e3d748bff0e00468ea73,1785255441272,184.0,1785255441397.0,125.0
bb0c536f-6316-5ff6-ac5d-4458df4ebd57,e68e3f8ddf20659c82e8950db941dd31c462487cd249e3d748bff0e00468ea73,1785255442232,184.0,1785255442315.0,83.0
e6b90432-5282-5e0a-8ed9-6c5cb74c76e9,e68e3f8ddf20659c82e8950db941dd31c462487cd249e3d748bff0e00468ea73,1785255442252,184.0,1785255442321.0,69.0
0f726b4d-4103-5160-bd68-9e75ad61ebdc,e68e3f8ddf20659c82e8950db941dd31c462487cd249e3d748bff0e00468ea73,1785255443250,184.0,1785255443316.0,66.0
fd45488e-474d-58f2-98d3-86b0815beba8,e68e3f8ddf20659c82e8950db941dd31c462487cd249e3d748bff0e00468ea73,1785255444234,184.0,1785255444297.0,63.0
16f5c5b8-e276-541c-8dbc-14bf6c5d81b4,e68e3f8ddf20659c82e8950db941dd31c462487cd249e3d748bff0e00468ea73,1785255444235,184.0,1785255444305.0,70.0
fc81bdb0-3b21-56f4-bf9b-69bde15b8578,e68e3f8ddf20659c82e8950db941dd31c462487cd249e3d748bff0e00468ea73,1785255445251,184.0,1785255445330.0,79.0
115dfe93-add2-563d-bf89-143832e44e34,e68e3f8ddf20659c82e8950db941dd31c462487cd249e3d748bff0e00468ea73,1785255445254,184.0,1785255445336.0,82.0
135dece0-b40f-5c52-9858-0a76ca304eae,e68e3f8ddf20659c82e8950db941dd31c462487cd249e3d748bff0e00468ea73,1785255446217,184.0,1785255446324.0,107.0
a2111743-3044-5807-9b32-1ec1048993a1,e68e3f8ddf20659c82e8950db941dd31c462487cd249e3d748bff0e00468ea73,1785255446219,184.0,1785255446335.0,116.0
48be0c84-0189-5bc3-a0bc-ee1fd0f6401b,e68e3f8ddf20659c82e8950db941dd31c462487cd249e3d748bff0e00468ea73,1785255447235,184.0,1785255447273.0,38.0
81b0645f-347a-5da9-9f68-5336ba1b6a8c,e68e3f8ddf20659c82e8950db941dd31c462487cd249e3d748bff0e00468ea73,1785255448243,184.0,1785255448302.0,59.0
8fd5ff49-ba00-54a0-9f57-da41ba12da5f,e68e3f8ddf20659c82e8950db941dd31c462487cd249e3d748bff0e00468ea73,1785255448247,184.0,1785255448308.0,61.0
1d76a38f-3dad-5572-97b5-98f3e0a16cee,e68e3f8ddf20659c82e8950db941dd31c462487cd249e3d748bff0e00468ea73,1785255449251,184.0,1785255449339.0,88.0
327cf756-dedf-5592-97f0-325bd526ce1b,e68e3f8ddf20659c82e8950db941dd31c462487cd249e3d748bff0e00468ea73,1785255449255,184.0,1785255449348.0,93.0
74193506-ca6d-5f62-a9f2-91888ee43d1d,e68e3f8ddf20659c82e8950db941dd31c462487cd249e3d748bff0e00468ea73,1785255450240,184.0,1785255450282.0,42.0
0ce1713d-8195-5271-b84a-21863d7bfe5b,e68e3f8ddf20659c82e8950db941dd31c462487cd249e3d748bff0e00468ea73,1785255450242,184.0,1785255450287.0,45.0
986cfddd-e447-54d1-8624-44fecb5dfb07,e68e3f8ddf20659c82e8950db941dd31c462487cd249e3d748bff0e00468ea73,1785255451235,184.0,1785255451270.0,35.0
78f98e15-5f59-5267-b551-7d674c1a4a2b,e68e3f8ddf20659c82e8950db941dd31c462487cd249e3d748bff0e00468ea73,1785255452233,184.0,1785255452307.0,74.0
48f9979f-6e2f-5fd4-8dc3-27382f16c170,e68e3f8ddf20659c82e8950db941dd31c462487cd249e3d748bff0e00468ea73,1785255452236,184.0,1785255452349.0,113.0
c1a9169a-295c-5c0c-aa1d-9e524c224413,e68e3f8ddf20659c82e8950db941dd31c462487cd249e3d748bff0e00468ea73,1785255453236,184.0,1785255453394.0,158.0
d8c9ae16-27f6-5600-8399-48685317e374,e68e3f8ddf20659c82e8950db941dd31c462487cd249e3d748bff0e00468ea73,1785255453238,184.0,1785255453402.0,164.0
0a582c42-e149-5956-bf35-bff4b5ef03ed,e68e3f8ddf20659c82e8950db941dd31c462487cd249e3d748bff0e00468ea73,1785255454215,184.0,1785255454285.0,70.0
6792e6ac-a422-5285-9729-e6d1ba6d0753,e68e3f8ddf20659c82e8950db941dd31c462487cd249e3d748bff0e00468ea73,1785255455247,184.0,1785255455275.0,28.0
310c816c-7b5c-5afb-a18e-a0e1c2e51a54,e68e3f8ddf20659c82e8950db941dd31c462487cd249e3d748bff0e00468ea73,1785255455272,184.0,1785255455319.0,47.0
f1405a03-c593-5a85-88d2-cb38fe3d7f0d,e68e3f8ddf20659c82e8950db941dd31c462487cd249e3d748bff0e00468ea73,1785255456232,184.0,1785255456309.0,77.0
4bb0aec3-91c8-554b-998d-6f67dea216b5,e68e3f8ddf20659c82e8950db941dd31c462487cd249e3d748bff0e00468ea73,1785255456234,184.0,1785255456316.0,82.0
2d3c9fcf-bcc9-5b27-865b-a58c020b0bd9,e68e3f8ddf20659c82e8950db941dd31c462487cd249e3d748bff0e00468ea73,1785255457235,184.0,1785255457302.0,67.0
7a26760d-114a-5d3e-b58a-9368cd5b148e,e68e3f8ddf20659c82e8950db941dd31c462487cd249e3d748bff0e00468ea73,1785255457267,184.0,1785255457349.0,82.0
a0d6d26b-dc4e-5f9b-bc37-d75c6adf7e84,e68e3f8ddf20659c82e8950db941dd31c462487cd249e3d748bff0e00468ea73,1785255458253,184.0,1785255458291.0,38.0
7bcce98f-4096-5e1a-a93b-2868b40e58e7,e68e3f8ddf20659c82e8950db941dd31c462487cd249e3d748bff0e00468ea73,1785255459242,184.0,1785255459327.0,85.0
860d9780-1fce-590b-bf9e-67ae58439b8c,e68e3f8ddf20659c82e8950db941dd31c462487cd249e3d748bff0e00468ea73,1785255459244,184.0,1785255459334.0,90.0
7fb641da-41da-5720-b06e-6e85ac8c4429,e68e3f8ddf20659c82e8950db941dd31c462487cd249e3d748bff0e00468ea73,1785255460219,184.0,1785255460271.0,52.0
251838f5-7ade-50b5-9e1a-c01386f1ddb6,e68e3f8ddf20659c82e8950db941dd31c462487cd249e3d748bff0e00468ea73,1785255460220,184.0,1785255460314.0,94.0
63eeecff-7b81-5b66-a6b1-a75532e1d989,e68e3f8ddf20659c82e8950db941dd31c462487cd249e3d748bff0e00468ea73,1785255461251,184.0,1785255461358.0,107.0
d44afd34-15b3-56d6-b709-d2f3cde21dd3,e68e3f8ddf20659c82e8950db941dd31c462487cd249e3d748bff0e00468ea73,1785255461253,184.0,1785255461387.0,134.0
6712c038-4f1f-576a-95a7-a53ce979a41c,e68e3f8ddf20659c82e8950db941dd31c462487cd249e3d748bff0e00468ea73,1785255462215,184.0,1785255462271.0,56.0
3238c9e2-34ec-59e2-9813-4ec7b26b450e,e68e3f8ddf20659c82e8950db941dd31c462487cd249e3d748bff0e00468ea73,1785255463254,184.0,1785255463285.0,31.0
aec6eb5c-449e-57e0-ba28-3289a6c203ea,e68e3f8ddf20659c82e8950db941dd31c462487cd249e3d748bff0e00468ea73,1785255463258,184.0,1785255463290.0,32.0
b5707b59-886d-58d6-8abc-156c6d369a65,e68e3f8ddf20659c82e8950db941dd31c462487cd249e3d748bff0e00468ea73,1785255464261,184.0,1785255464326.0,65.0
b6635945-6781-58fc-8b05-9ce1ffaad386,e68e3f8ddf20659c82e8950db941dd31c462487cd249e3d748bff0e00468ea73,1785255464261,184.0,1785255464331.0,70.0
c41cf56b-bf8a-55a7-9350-0caeb1e1da63,e68e3f8ddf20659c82e8950db941dd31c462487cd249e3d748bff0e00468ea73,1785255465244,184.0,1785255465317.0,73.0
2657d800-22e1-57ab-acf6-ed4f9d949f09,e68e3f8ddf20659c82e8950db941dd31c462487cd249e3d748bff0e00468ea73,1785255466239,184.0,1785255466300.0,61.0
45801677-6284-5d3d-8c5c-f5374536acbc,e68e3f8ddf20659c82e8950db941dd31c462487cd249e3d748bff0e00468ea73,1785255466241,184.0,1785255466306.0,65.0
8e0b8667-c988-5aa4-b876-f0c2fa7b5ab6,e68e3f8ddf20659c82e8950db941dd31c462487cd249e3d748bff0e00468ea73,1785255467253,184.0,1785255467291.0,38.0
ef06ec73-cb6e-5fd8-b319-2b2cb37ab5aa,e68e3f8ddf20659c82e8950db941dd31c462487cd249e3d748bff0e00468ea73,1785255467288,184.0,1785255467335.0,47.0
743c756e-7172-5bda-a5ff-a9015c96e4f8,e68e3f8ddf20659c82e8950db941dd31c462487cd249e3d748bff0e00468ea73,1785255468246,184.0,1785255468330.0,84.0
719591a3-b4f7-58ba-92f0-b5f731e1a352,e68e3f8ddf20659c82e8950db941dd31c462487cd249e3d748bff0e00468ea73,1785255468249,184.0,1785255468338.0,89.0
a0bf6bc1-599f-55d4-a865-7cdbeed6f424,e68e3f8ddf20659c82e8950db941dd31c462487cd249e3d748bff0e00468ea73,1785255469277,184.0,1785255469315.0,38.0
6fbd40a2-e0a2-5464-9c8e-2448673cbc9c,e68e3f8ddf20659c82e8950db941dd31c462487cd249e3d748bff0e00468ea73,1785255470242,184.0,1785255470278.0,36.0
a037dd97-2deb-52c0-a56c-87e780dc6cfa,e68e3f8ddf20659c82e8950db941dd31c462487cd249e3d748bff0e00468ea73,1785255470275,184.0,1785255470321.0,46.0
19ef3250-ca78-5e2b-8cd7-227c45637e6d,e68e3f8ddf20659c82e8950db941dd31c462487cd249e3d748bff0e00468ea73,1785255471229,184.0,1785255471298.0,69.0
a6da58a5-e05b-58f2-9d39-e3fced833546,e68e3f8ddf20659c82e8950db941dd31c462487cd249e3d748bff0e00468ea73,1785255471231,184.0,1785255471304.0,73.0
15b91266-b4cc-5a0d-8e37-a526568f2c22,e68e3f8ddf20659c82e8950db941dd31c462487cd249e3d748bff0e00468ea73,1785255472280,184.0,1785255472375.0,95.0
