d,payloadB,lanes,direction,label,t0,t1,rssi_n,advPerMin,advCoverage,msg_sent,msg_delivered,delivery_rate,rtt_median_ms,rtt_p90_ms,applat_median_ms,active_s,msg_per_s,goodput_Bps,airB_per_msg,air_overhead,rssi_adv_mean,rssi_adv_std,rssi_conn_mean,rssi_conn_std,t_discovered_s,t_connected_s,t_session_s,t_usable_s,discovered,connected,session,usable,drop
3.0,132,,,c1 d=3 soak,1785279577685,1785279672819,126,73.8,0.673,100,100,1.0,96,134,108,55.1,1.82,239.6,376.0,2.85,-57.0,4.0,-56.8,2.9,1.58,1.55,1.82,2.62,28,4,2,1,3
3.0,132,,,c2 d=3 soak,1785279672819,1785279768038,121,69.9,0.641,100,100,1.0,100,153,111,54.1,1.85,244.0,430.5,3.26,-58.5,4.0,-58.2,3.6,2.81,2.76,2.98,3.63,28,4,2,1,3
3.0,132,,,c3 d=3 soak,1785279768038,1785279863248,123,72.5,0.683,100,100,1.0,114,152,126,42.1,2.38,313.7,429.1,3.25,-58.0,4.0,-59.0,2.4,2.83,2.76,15.47,15.65,27,4,2,1,3
3.0,132,,,c4 d=3 soak,1785279863248,1785279958453,92,52.9,0.62,100,100,1.0,112,165,128,55.1,1.81,239.5,434.7,3.29,-57.9,3.9,-58.8,2.8,1.58,1.53,1.8,2.65,28,4,2,1,3
3.0,132,,,c5 d=3 soak,1785279958453,1785280053597,124,73.2,0.704,100,100,1.0,99,157,115,54.1,1.85,244.1,431.9,3.27,-57.8,3.8,-57.1,3.2,2.67,2.54,2.96,3.65,30,4,2,1,3
3.0,132,,,c6 d=3 soak,1785280053597,1785280148833,124,72.5,0.683,100,100,1.0,106,152,120,55.1,1.81,239.5,431.9,3.27,-58.0,4.1,-56.4,2.9,1.46,1.42,1.68,2.65,28,4,2,1,3
3.0,132,,,c7 d=3 soak,1785280148833,1785280244058,116,68.7,0.672,100,100,1.0,90,138,110,42.1,2.37,313.4,429.1,3.25,-59.0,4.7,-57.9,3.6,2.57,2.46,14.59,15.14,29,4,2,1,3
3.0,132,,,c8 d=3 soak,1785280244058,1785280339277,129,76.9,0.693,100,100,1.0,85,145,108,55.1,1.82,239.7,431.9,3.27,-59.0,3.7,-56.4,3.4,1.19,1.12,1.39,2.09,28,4,2,1,3
3.0,132,,,c9 d=3 soak,1785280339277,1785280434464,112,64.3,0.672,100,100,1.0,88,126,106,55.1,1.81,239.5,431.9,3.27,-58.8,4.3,-54.0,2.1,1.7,1.61,1.84,2.63,30,4,2,1,3
3.0,132,,,c10 d=3 soak,1785280434464,1785280529619,121,71.3,0.673,100,100,1.0,100,162,114,55.1,1.82,239.6,430.5,3.26,-58.6,4.1,-58.4,3.5,1.67,1.6,1.83,2.62,28,4,2,1,3
3.0,132,,,c11 d=3 soak,1785280529619,1785280624810,126,75.0,0.683,100,100,1.0,116,163,150,54.0,1.85,244.2,433.3,3.28,-59.1,4.1,-56.7,2.3,2.02,1.87,2.22,3.13,30,4,2,1,3
3.0,132,,,c12 d=3 soak,1785280624810,1785280720022,125,72.5,0.672,100,100,1.0,101,146,138,54.1,1.85,243.9,430.5,3.26,-58.6,4.2,-56.7,3.3,1.73,1.58,1.93,3.17,28,4,2,1,3
3.0,132,,,c13 d=3 soak,1785280720022,1785280815236,123,72.5,0.683,100,100,1.0,107,169,126,55.1,1.82,239.8,430.5,3.26,-58.3,4.2,-56.4,2.1,1.4,1.35,1.63,2.63,32,4,2,1,3
3.0,132,,,c14 d=3 soak,1785280815236,1785280910379,123,72.5,0.694,100,100,1.0,118,187,146,55.2,1.81,239.3,433.3,3.28,-57.9,3.8,-52.2,13.2,1.34,1.28,1.58,2.64,28,4,2,1,3
3.0,132,,,c15 d=3 soak,1785280910379,1785281005597,120,69.3,0.662,100,100,1.0,119,181,147,54.1,1.85,244.0,431.9,3.27,-58.8,3.6,-57.8,3.5,2.62,2.55,2.84,3.65,31,4,2,1,3
3.0,132,,,c16 d=3 soak,1785281005597,1785281100819,127,75.0,0.693,100,100,1.0,124,158,148,53.1,1.88,248.7,436.1,3.3,-58.3,4.0,-59.9,3.0,2.86,2.75,3.1,4.2,28,4,2,1,3
3.0,132,,,c17 d=3 soak,1785281100819,1785281196002,125,73.8,0.672,100,100,1.0,110,145,133,55.1,1.82,239.6,434.7,3.29,-58.2,4.0,-57.1,3.1,1.5,1.32,1.65,2.71,32,4,2,1,3
3.0,132,,,c18 d=3 soak,1785281196002,1785281291200,125,74.4,0.662,100,100,1.0,127,183,145,55.1,1.81,239.4,431.9,3.27,-58.3,4.1,-58.0,3.2,1.64,1.56,1.91,2.61,28,4,2,1,3
3.0,132,,,c19 d=3 soak,1785281291200,1785281386424,126,75.0,0.693,100,100,1.0,111,165,134,55.1,1.82,239.6,431.9,3.27,-57.9,4.2,-56.4,0.5,1.7,1.63,1.88,2.6,31,4,2,1,3
3.0,132,,,c20 d=3 soak,1785281386424,1785281481618,119,70.6,0.672,100,100,1.0,120,180,148,53.1,1.88,248.6,431.9,3.27,-58.6,3.7,-56.7,2.1,2.86,2.81,3.06,4.12,28,4,2,1,3
3.0,132,,,c21 d=3 soak,1785281481618,1785281576838,124,73.1,0.693,100,100,1.0,122,174,150,55.1,1.82,239.6,433.3,3.28,-58.6,4.0,-56.5,2.3,1.68,1.59,1.89,2.61,30,4,2,1,3
3.0,132,,,c22 d=3 soak,1785281576838,1785281672100,117,67.4,0.651,100,100,1.0,112,173,144,54.0,1.85,244.3,434.7,3.29,-59.1,4.5,-55.5,0.8,1.99,1.94,2.17,3.11,28,4,2,1,3
3.0,132,,,c23 d=3 soak,1785281672100,1785281767291,117,68.1,0.641,100,100,1.0,108,160,146,54.1,1.85,244.1,431.9,3.27,-57.7,3.7,-56.9,1.8,2.12,2.03,2.32,3.1,29,4,2,1,3
3.0,132,,,c24 d=3 soak,1785281767291,1785281862498,76,41.6,0.536,100,100,1.0,95,151,124,54.0,1.85,244.2,434.7,3.29,-58.2,4.2,-59.4,3.7,2.52,2.44,2.71,3.63,28,4,2,1,4
3.0,132,,,c25 d=3 soak,1785281862498,1785281957613,121,71.3,0.673,100,100,1.0,113,166,137,54.0,1.85,244.2,433.3,3.28,-58.1,4.1,-56.0,2.9,2.07,1.99,2.18,3.14,29,4,2,1,3
3.0,132,,,c26 d=3 soak,1785281957613,1785282052852,122,71.2,0.672,100,100,1.0,126,171,155,55.1,1.82,239.6,434.7,3.29,-58.9,4.5,-58.3,4.3,1.28,1.16,1.53,2.66,28,4,2,1,3
3.0,132,,,c27 d=3 soak,1785282052852,1785282148071,126,73.7,0.683,100,100,1.0,116,167,134,55.1,1.82,239.6,434.7,3.29,-58.5,4.3,-55.0,0.7,1.3,1.23,1.46,2.69,29,4,2,1,3
3.0,132,,,c28 d=3 soak,1785282148071,1785282243257,124,73.8,0.693,100,100,1.0,122,162,146,55.1,1.81,239.5,431.9,3.27,-58.0,4.2,-56.4,1.0,1.35,1.21,1.46,2.69,28,4,2,1,3
3.0,132,,,c29 d=3 soak,1785282243257,1785282338496,116,67.4,0.661,100,100,1.0,106,154,134,54.1,1.85,244.0,430.5,3.26,-58.2,4.3,-57.9,5.7,1.78,1.68,1.97,3.19,28,4,2,1,3
3.0,132,,,c30 d=3 soak,1785282338496,1785282433698,122,72.5,0.683,100,100,1.0,128,181,160,42.2,2.37,312.9,429.1,3.25,-58.4,4.0,-55.7,3.0,1.81,1.74,14.92,15.08,29,4,2,1,3
3.0,132,,,c31 d=3 soak,1785282433698,1785282528927,124,71.8,0.662,100,100,1.0,126,175,157,55.1,1.81,239.5,431.9,3.27,-58.1,4.4,-55.9,1.1,1.38,1.31,1.56,2.59,28,4,2,1,3
3.0,132,,,c32 d=3 soak,1785282528927,1785282624097,124,73.1,0.672,100,100,1.0,107,142,146,55.1,1.81,239.5,430.5,3.26,-58.7,4.3,-56.9,2.5,1.73,1.64,1.99,2.62,30,4,2,1,3
3.0,132,,,c33 d=3 soak,1785282624097,1785282719267,120,70.6,0.651,100,100,1.0,128,159,154,54.1,1.85,243.8,430.5,3.26,-59.2,4.4,-57.0,3.9,2.37,2.32,2.56,3.68,28,4,2,1,4
3.0,132,,,c34 d=3 soak,1785282719267,1785282814480,119,69.9,0.683,100,100,1.0,112,166,136,54.1,1.85,243.8,430.5,3.26,-59.4,4.0,-55.2,3.0,2.55,2.41,2.82,3.62,30,4,2,1,3
3.0,132,,,c35 d=3 soak,1785282814480,1785282909681,119,69.3,0.672,100,100,1.0,126,175,148,53.1,1.88,248.6,430.5,3.26,-59.1,4.2,-55.3,3.3,3.68,3.59,3.88,4.66,28,4,2,1,3
3.0,132,,,c36 d=3 soak,1785282909681,1785283004980,122,71.1,0.682,100,100,1.0,126,170,152,54.0,1.85,244.3,433.3,3.28,-58.9,4.4,-56.7,2.9,2.22,2.15,2.42,3.2,31,4,2,1,3
3.0,132,,,c37 d=3 soak,1785283004980,1785283100154,124,72.5,0.683,100,100,1.0,112,185,140,56.1,1.78,235.2,431.9,3.27,-58.9,4.8,-55.7,3.8,1.25,1.19,1.49,2.13,28,4,2,1,3
3.0,132,,,c38 d=3 soak,1785283100154,1785283195355,122,70.6,0.662,100,100,1.0,110,168,134,55.1,1.82,239.7,434.7,3.29,-59.0,4.0,-57.4,3.1,1.64,1.59,1.82,2.62,32,4,2,1,3
3.0,132,,,c39 d=3 soak,1785283195355,1785283290611,123,72.4,0.682,100,100,1.0,103,147,134,55.1,1.81,239.5,434.7,3.29,-58.1,3.9,-57.4,3.3,1.63,1.56,1.91,2.64,28,4,2,1,3
3.0,132,,,c40 d=3 soak,1785283290611,1785283385808,122,71.9,0.672,100,100,1.0,122,162,144,55.0,1.82,239.8,431.9,3.27,-59.0,4.1,-59.4,3.4,1.81,1.73,1.94,2.67,32,4,2,1,3
3.0,132,,,c41 d=3 soak,1785283385808,1785283481045,121,71.2,0.683,100,100,1.0,106,146,127,55.1,1.82,239.6,431.9,3.27,-58.1,4.3,-56.9,4.1,1.48,1.36,1.66,2.6,28,4,2,1,3
3.0,132,,,c42 d=3 soak,1785283481045,1785283576226,115,66.8,0.683,100,100,1.0,124,179,151,54.1,1.85,244.1,431.9,3.27,-57.7,3.6,-58.0,4.2,1.98,1.89,2.13,3.2,31,4,2,1,3
3.0,132,,,c43 d=3 soak,1785283576226,1785283671480,73,40.9,0.609,100,100,1.0,114,161,150,55.1,1.82,239.8,433.3,3.28,-57.1,6.4,-59.8,3.5,1.39,1.31,1.55,2.65,28,4,2,1,4
3.0,132,,,c44 d=3 soak,1785283671480,1785283766646,116,68.7,0.662,100,100,1.0,116,144,135,55.1,1.81,239.5,431.9,3.27,-58.8,4.0,-56.4,2.8,1.68,1.61,1.88,2.61,31,4,2,1,3
3.0,132,,,c45 d=3 soak,1785283766646,1785283861853,122,71.2,0.693,100,100,1.0,125,156,156,54.1,1.85,244.0,433.3,3.28,-58.5,4.1,-56.9,3.5,2.81,2.73,2.97,3.61,28,4,2,1,3
3.0,132,,,c46 d=3 soak,1785283861853,1785283957082,124,72.5,0.704,100,100,1.0,105,145,128,55.1,1.82,239.7,458.5,3.47,-59.3,4.1,-56.4,2.4,1.3,1.26,1.59,2.63,30,4,2,1,3
3.0,132,,,c47 d=3 soak,1785283957082,1785284052282,125,74.4,0.683,100,100,1.0,104,164,140,55.1,1.81,239.6,430.5,3.26,-58.1,5.0,-55.9,0.9,1.28,1.2,1.43,2.09,28,4,2,1,3
3.0,132,,,c48 d=3 soak,1785284052282,1785284147493,122,69.9,0.683,100,100,1.0,100,164,131,54.1,1.85,244.2,431.9,3.27,-58.7,4.1,-58.5,3.9,2.21,2.08,2.52,3.11,29,4,2,1,3
3.0,132,,,c49 d=3 soak,1785284147493,1785284242717,118,68.7,0.662,100,100,1.0,116,174,134,55.1,1.82,239.6,431.9,3.27,-58.7,4.0,-56.2,3.3,1.63,1.5,1.78,2.63,28,4,2,1,3
3.0,132,,,c50 d=3 soak,1785284242717,1785284337938,120,70.6,0.662,100,100,1.0,122,175,155,55.2,1.81,239.3,430.5,3.26,-58.7,4.3,-55.6,1.3,1.76,1.69,1.91,2.6,29,4,2,1,3
3.0,132,,,c51 d=3 soak,1785284337938,1785284433162,119,69.9,0.683,100,100,1.0,118,163,154,54.1,1.85,244.2,434.7,3.29,-58.4,4.2,-57.8,2.5,2.3,2.25,2.49,3.14,28,4,2,1,3
3.0,132,,,c52 d=3 soak,1785284433162,1785284528414,112,65.5,0.651,100,100,1.0,120,178,162,54.1,1.85,244.1,431.9,3.27,-58.1,4.1,-58.4,4.3,2.17,2.07,2.31,3.1,28,4,2,1,4
3.0,132,,,c53 d=3 soak,1785284528414,1785284623622,125,73.7,0.693,100,100,1.0,114,178,144,55.1,1.82,239.7,433.3,3.28,-58.3,4.1,-58.4,3.1,1.36,1.28,1.51,2.61,30,4,2,1,3
3.0,132,,,c54 d=3 soak,1785284623622,1785284718775,124,73.8,0.694,100,100,1.0,118,161,152,54.1,1.85,244.0,430.5,3.26,-58.2,4.0,-57.4,1.8,2.04,1.97,2.19,3.16,28,4,2,1,3
3.0,132,,,c55 d=3 soak,1785284718775,1785284814000,123,73.1,0.672,100,100,1.0,94,133,117,55.0,1.82,239.8,434.7,3.29,-58.3,4.0,-56.0,0.6,1.52,1.4,1.82,2.65,30,4,2,1,3
3.0,132,,,c56 d=3 soak,1785284814000,1785284909167,123,73.1,0.683,100,100,1.0,115,162,138,53.1,1.88,248.8,430.5,3.26,-59.1,4.2,-57.1,3.2,3.51,3.43,3.7,4.62,28,4,2,1,3
3.0,132,,,c57 d=3 soak,1785284909167,1785285004371,124,73.1,0.683,100,100,1.0,102,139,129,55.1,1.82,239.7,431.9,3.27,-58.7,4.1,-57.2,4.0,1.61,1.46,1.93,2.64,30,4,2,1,3
3.0,132,,,c58 d=3 soak,1785285004371,1785285099547,120,70.6,0.693,100,100,1.0,110,138,138,55.1,1.82,239.7,431.9,3.27,-59.0,4.1,-56.2,0.5,1.34,1.26,1.56,2.64,28,4,2,1,3
3.0,132,,,c59 d=3 soak,1785285099547,1785285194785,122,71.2,0.672,100,100,1.0,114,156,136,54.1,1.85,244.2,430.5,3.26,-58.8,4.2,-58.1,3.1,2.74,2.67,2.89,3.65,30,4,2,1,3
3.0,132,,,c60 d=3 soak,1785285194785,1785285289998,125,74.4,0.672,100,100,1.0,108,182,140,54.1,1.85,243.8,431.9,3.27,-59.5,4.3,-56.7,4.2,2.01,1.9,2.27,3.12,28,4,2,1,3
3.0,132,,,c61 d=3 soak,1785285289998,1785285385180,122,70.6,0.672,100,100,1.0,121,178,141,55.1,1.81,239.4,431.9,3.27,-58.3,3.8,-56.9,3.3,1.61,1.51,1.8,2.59,32,4,2,1,3
3.0,132,,,c62 d=3 soak,1785285385180,1785285480377,120,71.2,0.672,100,100,1.0,112,182,137,55.1,1.82,239.7,436.1,3.3,-58.8,4.2,-56.0,0.8,1.64,1.55,1.78,2.63,28,4,2,1,3
3.0,132,,,c63 d=3 soak,1785285480377,1785285575594,128,75.0,0.683,100,100,1.0,110,161,140,53.1,1.88,248.6,430.5,3.26,-58.6,3.9,-55.7,3.0,3.07,3.0,3.3,4.18,30,4,2,1,3
3.0,132,,,c64 d=3 soak,1785285575594,1785285670815,124,71.8,0.693,100,100,1.0,124,184,150,55.1,1.81,239.5,431.9,3.27,-58.0,4.2,-57.5,4.3,1.45,1.35,1.68,2.65,28,4,2,1,3
3.0,132,,,c65 d=3 soak,1785285670815,1785285766041,122,71.2,0.662,100,100,1.0,100,139,134,55.0,1.82,239.9,431.9,3.27,-58.5,4.0,-59.0,3.8,1.21,1.12,1.36,2.17,32,4,2,1,3
3.0,132,,,c66 d=3 soak,1785285766041,1785285861264,124,73.1,0.672,100,100,1.0,134,174,162,40.2,2.49,328.7,429.1,3.25,-58.9,4.2,-58.8,3.8,2.59,2.54,17.43,17.67,27,4,2,1,3
3.0,132,,,c67 d=3 soak,1785285861264,1785285956426,125,73.1,0.683,100,100,1.0,104,167,131,54.1,1.85,244.2,431.9,3.27,-58.8,4.4,-58.7,3.2,2.32,2.19,2.49,3.64,30,4,2,1,3
3.0,132,,,c68 d=3 soak,1785285956426,1785286051617,123,71.2,0.662,100,100,1.0,114,163,142,55.0,1.82,239.9,430.5,3.26,-58.5,4.1,-58.7,3.2,1.48,1.41,1.7,2.69,28,4,2,1,3
3.0,132,,,c69 d=3 soak,1785286051617,1785286146789,115,66.8,0.641,100,100,1.0,124,164,156,55.1,1.82,239.6,430.5,3.26,-58.1,4.0,-55.2,1.1,1.61,1.46,1.8,2.64,31,4,2,1,3
3.0,132,,,c70 d=3 soak,1785286146789,1785286241954,119,70.6,0.673,100,100,1.0,102,137,124,54.1,1.85,244.2,431.9,3.27,-58.6,3.8,-61.1,3.3,2.46,2.31,2.63,3.63,28,4,2,1,3
3.0,132,,,c71 d=3 soak,1785286241954,1785286337142,99,57.4,0.62,100,100,1.0,112,163,144,54.1,1.85,244.0,430.5,3.26,-58.0,3.8,-59.2,3.3,2.57,2.46,2.85,3.6,29,4,2,1,4
3.0,132,,,c72 d=3 soak,1785286337142,1785286432327,117,68.7,0.672,100,100,1.0,107,165,128,55.1,1.81,239.5,431.9,3.27,-58.6,4.2,-55.2,2.9,1.69,1.61,1.93,2.58,28,4,2,1,3
3.0,132,,,c73 d=3 soak,1785286432327,1785286527567,124,73.7,0.693,100,100,1.0,102,148,141,54.1,1.85,244.2,437.5,3.31,-58.7,4.1,-58.6,4.4,1.71,1.64,1.96,3.16,29,4,2,1,3
3.0,132,,,c74 d=3 soak,1785286527567,1785286622756,121,70.6,0.662,100,100,1.0,109,147,132,54.1,1.85,244.0,430.5,3.26,-58.3,4.3,-56.2,2.9,2.4,2.33,2.62,3.63,28,4,2,1,3
3.0,132,,,c75 d=3 soak,1785286622756,1785286717948,122,71.9,0.683,100,100,1.0,102,138,126,55.1,1.81,239.4,434.7,3.29,-57.7,4.2,-56.5,2.7,1.69,1.62,1.85,2.64,29,4,2,1,3
3.0,132,,,c76 d=3 soak,1785286717948,1785286813133,123,71.2,0.672,100,100,1.0,112,160,151,53.1,1.88,248.6,430.5,3.26,-59.3,4.4,-56.7,2.8,2.84,2.75,3.1,4.1,28,4,2,1,3
3.0,132,,,c77 d=3 soak,1785286813133,1785286908271,122,70.6,0.673,100,100,1.0,112,137,141,55.0,1.82,239.8,430.5,3.26,-58.1,4.1,-59.5,3.6,1.5,1.47,1.68,2.65,29,4,2,1,3
3.0,132,,,c78 d=3 soak,1785286908271,1785287003448,122,70.6,0.683,100,100,1.0,104,156,135,55.1,1.81,239.6,430.5,3.26,-58.2,4.1,-57.4,4.3,1.75,1.66,1.9,2.59,28,4,2,1,4
3.0,132,,,c79 d=3 soak,1785287003448,1785287098598,125,73.8,0.694,100,100,1.0,100,142,144,55.1,1.81,239.5,431.9,3.27,-58.8,4.4,-55.6,2.1,1.74,1.68,1.95,2.6,28,4,2,1,3
3.0,132,,,c80 d=3 soak,1785287098598,1785287193797,120,70.6,0.651,100,100,1.0,112,184,146,55.1,1.82,239.7,433.3,3.28,-57.9,4.4,-56.2,0.7,1.63,1.58,1.84,2.61,30,4,2,1,3
3.0,132,,,c81 d=3 soak,1785287193797,1785287288988,127,75.6,0.683,100,100,1.0,96,159,132,54.0,1.85,244.2,433.3,3.28,-57.7,5.6,-55.4,2.1,2.29,2.24,2.48,3.18,28,4,2,1,3
3.0,132,,,c82 d=3 soak,1785287288988,1785287384200,122,70.6,0.662,100,100,1.0,122,160,141,54.1,1.85,244.0,431.9,3.27,-58.2,4.1,-59.2,3.3,2.36,2.27,2.6,3.65,30,4,2,1,3
3.0,132,,,c83 d=3 soak,1785287384200,1785287479400,122,70.6,0.662,100,100,1.0,116,157,143,55.1,1.82,239.6,433.3,3.28,-58.7,3.9,-56.3,3.1,1.56,1.46,1.74,2.63,28,4,2,1,3
3.0,132,,,c84 d=3 soak,1785287479400,1785287574588,121,71.9,0.683,100,100,1.0,110,169,140,54.1,1.85,244.2,430.5,3.26,-58.8,4.1,-56.7,0.5,2.2,2.13,2.37,3.14,30,4,2,1,3
3.0,132,,,c85 d=3 soak,1785287574588,1785287669741,119,70.0,0.673,100,100,1.0,118,170,158,54.1,1.85,243.8,430.5,3.26,-58.2,4.2,-57.0,3.4,1.99,1.94,2.16,3.13,28,4,2,1,3
3.0,132,,,c86 d=3 soak,1785287669741,1785287764977,124,72.5,0.704,100,100,1.0,118,171,146,55.1,1.81,239.4,430.5,3.26,-58.5,4.2,-56.3,3.1,1.36,1.3,1.51,2.63,32,4,2,1,3
3.0,132,,,c87 d=3 soak,1785287764977,1785287860167,126,74.4,0.683,100,100,1.0,122,169,148,54.1,1.85,244.2,430.5,3.26,-58.8,4.3,-56.1,2.9,2.13,2.09,2.31,3.13,28,4,2,1,3
3.0,132,,,c88 d=3 soak,1785287860167,1785287955443,121,71.8,0.682,100,100,1.0,108,178,138,53.1,1.88,248.7,430.5,3.26,-58.1,3.9,-59.4,4.5,3.71,3.63,3.86,4.65,30,4,2,1,3
3.0,132,,,c89 d=3 soak,1785287955443,1785288050612,123,73.1,0.683,100,100,1.0,111,150,146,49.1,2.04,268.8,485.6,3.68,-58.2,4.3,-57.1,2.5,1.81,1.71,8.05,8.24,27,4,2,1,3
3.0,132,,,c90 d=3 soak,1785288050612,1785288110614,88,80.0,0.933,100,100,1.0,123,176,156,55.1,1.82,239.8,419.3,3.18,-57.5,4.0,-57.8,3.3,1.63,1.54,1.8,2.68,28,4,2,1,0
