d,payloadB,lanes,leg,direction,label,t0,t1,rssi_n,advPerMin,advCoverage,msg_sent,msg_recv,recv_rate,msg_delivered,delivery_rate,rtt_median_ms,rtt_p90_ms,applat_median_ms,active_s,msg_per_s,goodput_Bps,airB_per_msg,air_overhead,rssi_adv_mean,rssi_adv_std,rssi_conn_mean,rssi_conn_std,t_discovered_s,t_connected_s,t_session_s,t_usable_s,discovered,connected,session,usable,drop
1.0,132,,,approach,d=1 approach t1,1785335469820,1785335535033,68,58.9,0.537,100,100,1.0,100,1.0,127.0,160.0,166.0,12.1,8.25,1088.4,376.0,2.85,-44.0,2.3,-42.2,1.0,1.53,1.23,14.76,15.12,19,4,2,1,3
1.0,132,,,approach,d=1 approach t2,1785335535033,1785335600243,71,61.6,0.521,100,100,1.0,100,1.0,92.0,150.0,116.0,24.1,4.14,546.9,402.5,3.05,-44.1,2.6,-42.2,1.5,1.57,1.53,1.86,3.13,16,4,2,1,3
1.0,132,,,approach,d=1 approach t3,1785335600243,1785335665423,72,62.6,0.552,100,100,1.0,100,1.0,134.0,181.0,172.0,13.3,7.54,995.6,427.9,3.24,-43.4,2.9,-43.0,1.2,1.51,1.19,14.31,14.69,19,4,2,1,3
1.0,132,,,approach,d=1 approach t4,1785335665423,1785335730648,69,58.0,0.552,100,100,1.0,100,1.0,121.0,158.0,152.0,25.1,3.98,525.7,453.4,3.43,-44.5,2.3,-43.3,2.6,1.14,1.11,1.43,2.65,16,4,2,1,3
1.0,132,,,approach,d=1 approach t5,1785335730648,1785335795796,71,61.7,0.568,100,100,1.0,100,1.0,119.0,167.0,152.0,25.1,3.98,525.2,478.9,3.63,-43.7,3.0,-42.2,0.5,1.51,1.49,1.77,2.63,20,4,2,1,3
1.0,132,,,approach,d=1 approach t6,1785335795796,1785335860976,71,61.7,0.537,100,100,1.0,100,1.0,116.0,172.0,160.0,18.1,5.53,729.4,513.1,3.89,-43.3,2.9,-43.0,0.8,1.62,1.3,8.69,9.3,15,4,2,1,3
1.0,132,,,approach,d=1 approach t7,1785335860976,1785335926165,69,58.0,0.537,100,100,1.0,100,1.0,113.0,157.0,142.0,25.1,3.98,525.2,529.8,4.01,-43.8,2.8,-43.5,1.5,1.31,1.29,1.63,2.66,20,4,2,1,3
1.0,132,,,approach,d=1 approach t8,1785335926165,1785335991432,68,57.9,0.536,100,100,1.0,100,1.0,138.0,190.0,170.0,19.1,5.23,689.7,555.2,4.21,-43.6,2.8,-42.0,0.7,1.58,1.27,8.36,8.72,15,4,2,1,3
1.0,132,,,approach,d=1 approach t9,1785335991432,1785336056617,67,56.1,0.506,100,100,1.0,100,1.0,128.0,173.0,166.0,24.2,4.14,546.2,580.6,4.4,-44.4,3.3,-43.2,2.1,2.02,1.94,2.26,3.7,19,4,2,1,3
1.0,132,,,approach,d=1 approach t10,1785336056617,1785336270662,312,80.7,0.822,100,100,1.0,100,1.0,109.0,185.0,158.0,24.1,4.15,547.5,606.1,4.59,-45.4,4.9,-45.7,4.8,1.33,1.28,1.81,3.1,76,4,2,1,4
2.0,132,,,approach,d=2 approach t1,1785336270662,1785336335902,68,57.0,0.552,100,100,1.0,100,1.0,144.0,184.0,204.0,23.2,4.31,569.6,631.5,4.78,-54.0,2.7,-52.0,2.9,1.32,1.3,1.58,4.19,19,4,2,1,3
2.0,132,,,approach,d=2 approach t2,1785336335902,1785336401131,69,59.8,0.552,100,100,1.0,100,1.0,142.0,215.0,188.0,24.1,4.14,546.6,657.0,4.98,-54.2,2.6,-53.8,4.8,1.71,1.66,1.98,3.12,16,4,2,1,3
2.0,132,,,approach,d=2 approach t3,1785336401131,1785336466279,68,58.9,0.537,100,100,1.0,100,1.0,138.0,181.0,179.0,24.2,4.13,544.9,683.5,5.18,-53.0,3.0,-54.0,4.8,1.51,1.48,1.96,3.19,20,4,2,1,3
2.0,132,,,approach,d=2 approach t4,1785336466279,1785336531509,66,56.1,0.521,100,100,1.0,100,1.0,144.0,206.0,183.0,24.1,4.14,547.0,709.0,5.37,-53.7,2.7,-56.4,4.6,1.52,1.42,1.81,3.15,16,4,2,1,3
2.0,132,,,approach,d=2 approach t5,1785336531509,1785336596681,60,49.7,0.506,100,100,1.0,100,1.0,156.0,204.0,196.0,14.2,7.06,931.5,734.4,5.56,-53.4,2.8,-54.5,5.5,1.38,1.09,12.84,13.76,19,4,2,1,3
2.0,132,,,approach,d=2 approach t6,1785336596681,1785336661838,69,59.9,0.553,100,100,1.0,100,1.0,138.0,185.0,178.0,24.2,4.13,544.7,767.1,5.81,-52.9,2.9,-52.0,5.4,1.32,1.3,1.49,3.16,16,4,2,1,3
2.0,132,,,approach,d=2 approach t7,1785336661838,1785336727024,69,59.8,0.537,100,100,1.0,100,1.0,148.0,201.0,180.0,24.2,4.14,546.4,785.3,5.95,-54.0,2.6,-51.8,2.1,1.85,1.82,2.07,3.68,18,4,2,1,3
2.0,132,,,approach,d=2 approach t8,1785336727024,1785336792239,67,58.0,0.537,100,100,1.0,100,1.0,146.0,194.0,171.0,24.2,4.14,545.9,810.8,6.14,-52.3,2.1,-52.5,0.6,1.68,1.62,1.92,3.64,16,4,2,1,3
2.0,132,,,approach,d=2 approach t9,1785336792239,1785336857425,66,56.1,0.537,100,100,1.0,100,1.0,154.0,204.0,202.0,23.2,4.31,569.1,836.2,6.33,-52.8,2.9,-54.2,6.7,1.95,1.87,2.28,4.16,18,4,2,1,3
2.0,132,,,approach,d=2 approach t10,1785336857425,1785337005714,175,63.5,0.749,100,100,1.0,100,1.0,132.0,193.0,188.0,24.1,4.14,546.7,861.6,6.53,-54.0,2.9,-55.8,2.6,1.44,1.43,1.78,3.69,52,4,2,1,3
3.0,132,,,approach,d=3 approach t1,1785337005714,1785337070924,61,52.4,0.567,100,100,1.0,100,1.0,138.0,185.0,186.0,24.1,4.15,548.1,887.1,6.72,-56.2,1.8,-56.2,2.6,1.42,1.4,1.68,3.76,16,4,2,1,3
3.0,132,,,approach,d=3 approach t2,1785337070924,1785337136142,50,41.4,0.491,100,100,1.0,100,1.0,148.0,208.0,200.0,24.2,4.14,546.5,912.5,6.91,-56.4,1.8,-55.8,1.8,1.16,1.14,1.46,3.17,20,4,2,1,4
3.0,132,,,approach,d=3 approach t3,1785337136142,1785337201321,68,58.9,0.537,100,100,1.0,100,1.0,141.0,200.0,176.0,24.2,4.14,546.4,938.0,7.11,-56.8,1.7,-57.5,1.9,1.3,1.28,1.65,3.66,16,4,2,1,3
3.0,132,,,approach,d=3 approach t4,1785337201321,1785337266453,61,51.6,0.522,100,100,1.0,100,1.0,158.0,194.0,196.0,24.2,4.13,544.9,964.5,7.31,-57.3,1.5,-54.2,2.7,1.38,1.35,1.65,3.72,18,4,2,1,3
3.0,132,,,approach,d=3 approach t5,1785337266453,1785337331672,39,32.2,0.491,100,100,1.0,100,1.0,140.0,187.0,178.0,19.2,5.21,687.5,990.0,7.5,-57.1,2.6,-56.0,1.8,0.96,0.95,1.36,8.16,15,4,2,1,3
3.0,132,,,approach,d=3 approach t6,1785337331672,1785337396883,13,5.5,0.061,100,100,1.0,100,1.0,162.0,197.0,192.0,24.2,4.13,545.3,1021.1,7.74,-55.8,1.2,-58.9,2.5,1.15,1.14,1.44,3.66,18,4,2,1,4
3.0,132,,,approach,d=3 approach t7,1785337396883,1785337462123,40,32.2,0.521,100,100,1.0,100,1.0,140.0,178.0,172.0,25.1,3.98,525.1,1040.8,7.89,-56.3,2.2,-57.2,2.2,1.23,1.21,1.67,2.74,16,4,2,1,3
3.0,132,,,approach,d=3 approach t8,1785337462123,1785337527360,38,29.4,0.491,100,100,1.0,100,1.0,141.0,171.0,182.0,23.2,4.31,569.2,1066.3,8.08,-57.5,1.7,-57.0,1.5,1.54,1.49,1.84,4.15,18,4,2,1,3
3.0,132,,,approach,d=3 approach t9,1785337527360,1785337592528,41,34.1,0.537,100,100,1.0,100,1.0,148.0,198.0,186.0,23.1,4.33,571.7,1091.8,8.27,-58.2,1.9,-57.2,1.0,1.56,1.47,1.87,4.25,16,4,2,1,3
3.0,132,,,approach,d=3 approach t10,1785337592528,1785337746056,132,46.5,0.743,100,100,1.0,100,1.0,144.0,185.0,167.0,22.2,4.5,594.5,1117.2,8.46,-60.7,4.7,-58.5,3.8,2.94,2.9,3.15,5.64,52,4,2,1,3
4.0,132,,,approach,d=4 approach t1,1785337746056,1785337811252,68,58.0,0.522,100,100,1.0,100,1.0,127.0,198.0,176.0,23.1,4.32,570.3,1156.2,8.76,-65.5,4.6,-60.8,3.4,1.14,1.12,1.5,4.16,16,4,2,1,3
4.0,132,,,approach,d=4 approach t2,1785337811252,1785337876433,70,59.8,0.537,100,100,1.0,100,1.0,144.0,194.0,186.0,24.1,4.14,546.9,1168.1,8.85,-67.8,3.6,-56.8,0.8,1.04,1.02,1.38,3.68,19,4,2,1,3
4.0,132,,,approach,d=4 approach t3,1785337876433,1785337941637,71,60.7,0.567,100,100,1.0,100,1.0,136.0,193.0,194.0,24.2,4.14,546.2,1193.5,9.04,-67.6,3.7,-61.6,5.9,1.57,1.52,1.99,3.26,16,4,2,1,3
4.0,132,,,approach,d=4 approach t4,1785337941637,1785338006820,65,55.2,0.522,100,100,1.0,100,1.0,150.0,220.0,180.0,23.1,4.32,570.5,1219.0,9.23,-67.3,4.0,-64.8,6.9,1.99,1.94,2.2,4.78,18,4,2,1,3
4.0,132,,,approach,d=4 approach t5,1785338006820,1785338071991,68,58.9,0.552,100,100,1.0,100,1.0,162.0,200.0,213.0,24.2,4.13,545.1,1245.5,9.44,-67.6,4.9,-60.8,3.9,1.55,1.5,1.83,3.41,16,4,2,1,3
4.0,132,,,approach,d=4 approach t6,1785338071991,1785338137223,67,57.9,0.506,100,100,1.0,100,1.0,135.0,180.0,178.0,23.1,4.33,572.0,1275.1,9.66,-68.2,3.9,-60.8,4.9,1.67,1.62,1.86,4.65,18,4,2,1,3
4.0,132,,,approach,d=4 approach t7,1785338137223,1785338202418,38,29.5,0.46,100,100,1.0,100,1.0,638.0,747.0,842.0,1.9,53.16,7017.5,1296.4,9.82,-67.0,3.8,-57.8,5.1,6.99,6.91,7.17,28.98,13,8,2,1,8
4.0,132,,,approach,d=4 approach t8,1785338202418,1785338267673,68,57.9,0.536,100,100,1.0,100,1.0,156.0,201.0,192.0,25.2,3.96,523.0,1321.8,10.01,-67.3,3.1,-57.4,0.5,0.94,0.89,1.3,2.8,19,4,2,1,3
4.0,132,,,approach,d=4 approach t9,1785338267673,1785338332875,70,60.7,0.552,100,90,0.9,90,0.9,254.0,375.0,304.0,10.4,8.69,1146.5,1484.4,11.25,-70.0,6.1,-69.2,5.1,2.7,2.37,17.04,18.53,14,4,2,1,3
4.0,132,,,approach,d=4 approach t10,1785338332875,1785338524769,228,64.7,0.787,100,100,1.0,100,1.0,156.0,214.0,192.0,25.2,3.97,524.0,1370.1,10.38,-64.9,8.7,-58.8,5.4,1.1,1.07,1.44,2.67,70,4,2,1,3
5.0,132,,,approach,d=5 approach t1,1785338524769,1785338589968,27,20.2,0.322,100,100,1.0,100,1.0,195.0,226.0,235.0,14.2,7.03,928.4,1409.1,10.67,-58.7,3.6,-54.4,1.7,10.59,10.54,10.81,13.76,12,4,2,1,3
5.0,132,,,approach,d=5 approach t2,1785338589968,1785338655192,41,34.0,0.521,100,100,1.0,100,1.0,141.0,190.0,178.0,25.1,3.98,525.8,1421.0,10.77,-57.7,3.9,-57.0,3.5,1.1,1.08,1.48,2.66,20,4,2,1,3
5.0,132,,,approach,d=5 approach t3,1785338655192,1785338720415,40,33.1,0.521,100,100,1.0,100,1.0,154.0,215.0,196.0,24.1,4.14,546.7,1446.5,10.96,-59.4,3.8,-55.8,4.2,1.54,1.47,1.81,3.27,16,4,2,1,3
5.0,132,,,approach,d=5 approach t4,1785338720415,1785338785637,58,47.8,0.521,100,100,1.0,100,1.0,154.0,201.0,208.0,24.2,4.13,545.0,1471.9,11.15,-58.6,4.0,-57.3,3.1,1.45,1.42,1.74,3.3,20,4,2,1,3
5.0,132,,,approach,d=5 approach t5,1785338785637,1785338850883,53,45.1,0.506,100,100,1.0,100,1.0,179.0,226.0,223.0,23.2,4.31,568.6,1498.4,11.35,-58.6,3.7,-57.2,3.8,2.73,2.72,3.0,4.24,16,4,2,1,3
5.0,132,,,approach,d=5 approach t6,1785338850883,1785338916040,56,45.1,0.522,100,100,1.0,100,1.0,168.0,240.0,209.0,24.2,4.14,546.1,1528.0,11.58,-59.0,3.6,-54.6,3.2,1.01,0.96,1.32,3.72,20,4,2,1,3
5.0,132,,,approach,d=5 approach t7,1785338916040,1785338981239,53,44.2,0.521,100,100,1.0,100,1.0,160.0,215.0,190.0,24.2,4.13,545.6,1549.3,11.74,-59.0,3.1,-58.4,3.2,1.68,1.66,2.07,3.92,16,4,2,1,3
5.0,132,,,approach,d=5 approach t8,1785338981239,1785339046412,53,46.0,0.522,100,100,1.0,100,1.0,176.0,229.0,223.0,21.2,4.73,624.1,1574.8,11.93,-59.2,3.4,-55.0,2.6,4.6,4.59,4.94,6.19,16,4,2,1,3
5.0,132,,,approach,d=5 approach t9,1785339046412,1785339111626,55,46.9,0.521,100,100,1.0,100,1.0,167.0,228.0,203.0,24.2,4.14,545.9,1600.2,12.12,-59.1,3.8,-57.0,2.9,1.97,1.94,2.27,3.73,16,4,2,1,3
5.0,132,,,approach,d=5 approach t10,1785339111626,1785339681284,173,7.5,0.1,100,100,1.0,100,1.0,172.0,240.0,207.0,23.2,4.31,568.8,1625.7,12.32,-59.9,3.2,-56.4,3.3,2.61,2.56,2.91,4.13,217,4,2,1,3
6.0,132,,,approach,d=6 approach t1,1785339681284,1785339746518,68,57.9,0.537,100,100,1.0,100,1.0,168.0,231.0,227.0,24.2,4.13,544.6,1663.1,12.6,-58.5,1.8,-61.6,3.0,1.06,1.04,1.31,3.55,20,4,2,1,3
6.0,132,,,approach,d=6 approach t2,1785339746518,1785339811716,66,56.1,0.537,100,100,1.0,100,1.0,131.0,266.0,184.0,25.1,3.98,525.5,1676.5,12.7,-58.0,1.7,-60.4,3.4,1.09,1.07,1.5,2.74,16,4,2,1,3
6.0,132,,,approach,d=6 approach t3,1785339811716,1785339876878,65,56.2,0.537,100,100,1.0,100,1.0,173.0,221.0,214.0,24.2,4.13,545.0,1702.0,12.89,-57.8,2.0,-57.5,0.6,1.93,1.9,2.22,3.14,19,4,2,1,3
6.0,132,,,approach,d=6 approach t4,1785339876878,1785339942015,66,56.2,0.522,100,100,1.0,100,1.0,172.0,236.0,237.0,19.2,5.2,686.2,1727.5,13.09,-58.0,1.9,-61.2,2.2,0.9,0.89,1.32,8.18,15,4,2,1,3
6.0,132,,,approach,d=6 approach t5,1785339942015,1785340007224,30,20.2,0.307,100,100,1.0,100,1.0,170.0,235.0,198.0,24.2,4.13,545.5,1752.9,13.28,-57.8,1.7,-57.5,1.8,2.34,2.33,2.63,3.7,17,4,2,1,3
6.0,132,,,approach,d=6 approach t6,1785340007224,1785340072446,67,57.0,0.537,100,100,1.0,100,1.0,142.0,231.0,194.0,24.3,4.11,542.4,1782.0,13.5,-57.9,1.7,-56.6,0.9,1.56,1.55,1.8,3.45,16,4,2,1,3
6.0,132,,,approach,d=6 approach t7,1785340072446,1785340137632,65,56.1,0.537,100,100,1.0,100,1.0,160.0,223.0,204.0,25.2,3.97,524.3,1804.8,13.67,-58.8,2.0,-60.5,1.7,1.16,1.14,1.52,2.7,18,4,2,1,3
6.0,132,,,approach,d=6 approach t8,1785340137632,1785340202870,34,27.6,0.46,100,100,1.0,100,1.0,192.0,228.0,252.0,18.2,5.48,723.3,1897.5,14.38,-58.1,1.8,-57.8,3.2,6.41,6.33,6.68,9.26,13,4,2,1,4
6.0,132,,,approach,d=6 approach t9,1785340202870,1785340268101,61,52.4,0.521,100,100,1.0,100,1.0,202.0,281.0,260.0,15.2,6.59,869.6,1855.8,14.06,-58.8,1.6,-59.2,1.5,1.42,1.07,11.63,12.4,17,4,2,1,3
6.0,132,,,approach,d=6 approach t10,1785340268101,1785340436585,75,17.8,0.16,100,100,1.0,100,1.0,166.0,246.0,210.0,23.2,4.32,569.7,1881.2,14.25,-58.6,1.7,-61.0,4.1,1.53,1.44,1.79,4.74,60,4,2,1,3
7.0,132,,,approach,d=7 approach t1,1785340436585,1785340501738,51,41.4,0.507,100,100,1.0,100,1.0,175.0,202.0,208.0,24.2,4.14,546.3,1917.1,14.52,-63.2,6.1,-62.2,3.9,1.57,1.47,1.78,3.18,16,4,2,1,3
7.0,132,,,approach,d=7 approach t2,1785340501738,1785340566939,50,42.3,0.506,100,100,1.0,100,1.0,174.0,257.0,208.0,24.3,4.12,544.0,1932.1,14.64,-63.3,5.5,-64.2,2.9,1.61,1.6,1.92,3.14,19,4,2,1,3
7.0,132,,,approach,d=7 approach t3,1785340566939,1785340632141,31,22.1,0.291,100,100,1.0,100,1.0,190.0,259.0,234.0,23.2,4.31,568.3,1957.5,14.83,-61.8,4.6,-62.1,2.7,2.66,2.64,2.93,4.24,16,4,2,1,3
7.0,132,,,approach,d=7 approach t4,1785340632141,1785340697344,51,40.5,0.445,100,100,1.0,100,1.0,164.0,209.0,205.0,25.2,3.97,524.5,1983.0,15.02,-64.6,6.4,-61.7,1.9,1.1,1.06,1.39,2.82,20,4,2,1,3
7.0,132,,,approach,d=7 approach t5,1785340697344,1785340762506,53,44.2,0.491,100,100,1.0,100,1.0,176.0,273.0,214.0,25.2,3.98,524.8,2008.5,15.22,-62.1,5.3,-62.2,0.8,1.27,1.2,1.58,2.63,16,4,2,1,3
7.0,132,,,approach,d=7 approach t6,1785340762506,1785340827683,45,36.8,0.353,100,100,1.0,100,1.0,166.0,218.0,204.0,25.2,3.97,523.6,2033.9,15.41,-62.2,5.5,-62.2,1.8,1.32,1.31,1.57,2.62,18,4,2,1,3
7.0,132,,,approach,d=7 approach t7,1785340827683,1785340892932,52,42.3,0.49,100,100,1.0,100,1.0,174.0,231.0,226.0,20.2,4.95,653.0,2060.4,15.61,-61.6,5.2,-63.3,2.2,1.16,1.14,1.5,7.14,15,4,2,1,3
7.0,132,,,approach,d=7 approach t8,1785340892932,1785340958176,52,43.2,0.49,100,100,1.0,100,1.0,177.0,277.0,205.0,25.2,3.97,524.7,2085.8,15.8,-64.5,5.7,-63.0,1.2,1.35,1.34,1.68,2.73,17,4,2,1,3
7.0,132,,,approach,d=7 approach t9,1785340958176,1785341023358,38,31.3,0.491,100,100,1.0,100,1.0,166.0,238.0,196.0,24.2,4.14,546.1,2111.3,15.99,-63.2,4.9,-61.5,1.0,2.25,2.22,2.56,3.66,16,4,2,1,3
7.0,132,,,approach,d=7 approach t10,1785341023358,1785341053359,13,20.0,0.333,100,29,0.29,0,0.0,,,,0.4,0.0,0.0,,,-65.5,6.4,-62.7,2.9,6.5,6.37,6.64,,7,4,2,0,4
