device,t,elapsed_s,levelPct,mA,mV,mW,tempC,chargeCounterUah
2537c7bf,1786143503807,0.0,94.0,381.6,4232.0,1614.8,32.6,3500000.0
2537c7bf,1786143513806,10.0,94.0,254.1,4232.0,1075.2,32.6,3500000.0
2537c7bf,1786143523805,20.0,94.0,161.9,4243.0,686.8,32.9,3498000.0
2537c7bf,1786143533835,30.0,94.0,227.2,4241.0,963.5,32.9,3498000.0
2537c7bf,1786143543802,40.0,94.0,322.2,4241.0,1366.4,32.9,3496000.0
2537c7bf,1786143553813,50.0,94.0,173.1,4241.0,734.2,32.9,3496000.0
2537c7bf,1786143563816,60.0,94.0,235.3,4241.0,998.0,32.9,3496000.0
2537c7bf,1786143573818,70.0,94.0,173.1,4241.0,734.2,32.9,3494000.0
2537c7bf,1786143583809,80.0,94.0,293.8,4241.0,1245.8,32.9,3494000.0
2537c7bf,1786143593802,90.0,94.0,200.6,4241.0,850.9,32.9,3494000.0
2537c7bf,1786143603798,100.0,94.0,500.3,4241.0,2121.8,32.9,3492000.0
2537c7bf,1786143613810,110.0,94.0,810.6,4241.0,3437.9,32.9,3490000.0
2537c7bf,1786143623809,120.0,94.0,565.9,4207.0,2380.9,33.2,3488000.0
2537c7bf,1786143633804,130.0,94.0,427.5,4207.0,1798.5,33.2,3488000.0
2537c7bf,1786143643805,140.0,94.0,513.4,4199.0,2155.9,33.2,3486000.0
2537c7bf,1786143653818,150.0,94.0,192.8,4216.0,812.9,33.2,3484000.0
2537c7bf,1786143663815,160.0,94.0,469.1,4242.0,1989.8,33.2,3484000.0
2537c7bf,1786143673811,170.0,94.0,149.7,4241.0,634.8,33.0,3484000.0
2537c7bf,1786143683827,180.0,94.0,650.6,4241.0,2759.3,33.0,3482000.0
2537c7bf,1786143693809,190.0,94.0,430.6,4198.0,1807.8,33.0,3480000.0
2537c7bf,1786143703799,200.0,94.0,630.0,4198.0,2644.7,33.0,3478000.0
2537c7bf,1786143713814,210.0,94.0,515.9,4198.0,2165.9,33.0,3478000.0
2537c7bf,1786143723823,220.0,94.0,173.4,4197.0,727.9,32.8,3476000.0
2537c7bf,1786143733805,230.0,94.0,204.1,4232.0,863.6,32.7,3476000.0
2537c7bf,1786143743812,240.0,94.0,134.4,4239.0,569.6,32.7,3474000.0
2537c7bf,1786143753818,250.0,94.0,529.1,4239.0,2242.7,32.7,3474000.0
2537c7bf,1786143763826,260.0,94.0,590.3,4239.0,2502.3,32.7,3472000.0
2537c7bf,1786143773821,270.0,94.0,629.4,4239.0,2667.9,32.7,3470000.0
2537c7bf,1786143783841,280.0,94.0,500.9,4208.0,2107.9,32.6,3470000.0
2537c7bf,1786143793806,290.0,93.0,441.2,4202.0,1854.1,32.5,3468000.0
2537c7bf,1786143803825,300.0,93.0,246.9,4202.0,1037.4,32.5,3466000.0
2537c7bf,1786143813814,310.0,93.0,397.8,4230.0,1682.7,32.5,3466000.0
2537c7bf,1786143823804,320.0,93.0,170.0,4230.0,719.1,32.5,3466000.0
2537c7bf,1786143833821,330.0,93.0,590.6,4230.0,2498.3,32.5,3464000.0
2537c7bf,1786143843819,340.0,93.0,525.6,4230.0,2223.4,32.5,3462000.0
2537c7bf,1786143853817,350.0,93.0,462.2,4198.0,1940.3,32.3,3462000.0
2537c7bf,1786143863799,360.0,93.0,581.9,4198.0,2442.7,32.3,3460000.0
2537c7bf,1786143873798,370.0,93.0,302.2,4198.0,1268.6,32.3,3458000.0
2537c7bf,1786143883808,380.0,93.0,194.7,4198.0,817.3,32.3,3458000.0
2537c7bf,1786143893798,390.0,93.0,192.5,4225.0,813.3,32.2,3456000.0
2537c7bf,1786143903809,400.0,93.0,217.2,4225.0,917.6,32.2,3456000.0
2537c7bf,1786143913816,410.0,93.0,142.5,4225.0,602.1,32.2,3456000.0
2537c7bf,1786143923809,420.0,93.0,244.7,4225.0,1033.8,32.2,3454000.0
2537c7bf,1786143930089,426.3,93.0,510.9,4225.0,2158.7,32.2,3454000.0
5abc4da1,1786143505193,0.0,100.0,0.4,4274.0,1.5,32.0,108.0
5abc4da1,1786143515186,10.0,100.0,0.4,4274.0,1.5,32.0,109.0
5abc4da1,1786143525190,20.0,100.0,0.4,4274.0,1.6,32.0,110.0
5abc4da1,1786143535188,30.0,100.0,0.4,4274.0,1.6,32.0,111.0
5abc4da1,1786143545186,40.0,100.0,0.4,4274.0,1.6,32.0,112.0
5abc4da1,1786143555185,50.0,100.0,0.4,4274.0,1.7,32.0,113.0
5abc4da1,1786143565185,60.0,100.0,0.5,4274.0,2.0,32.0,114.0
5abc4da1,1786143575187,70.0,100.0,0.6,4274.0,2.7,32.0,116.0
5abc4da1,1786143585187,80.0,100.0,0.7,4274.0,3.1,32.0,118.0
5abc4da1,1786143595187,90.0,100.0,0.7,4274.0,3.1,32.0,121.0
5abc4da1,1786143605184,100.0,100.0,0.9,4274.0,3.9,32.0,123.0
5abc4da1,1786143615190,110.0,100.0,0.8,4274.0,3.4,32.0,125.0
5abc4da1,1786143625186,120.0,100.0,0.4,4274.0,1.9,32.0,127.0
5abc4da1,1786143635187,130.0,100.0,0.5,4274.0,2.2,32.0,128.0
5abc4da1,1786143645188,140.0,100.0,0.5,4274.0,2.1,32.0,130.0
5abc4da1,1786143655187,150.0,100.0,0.5,4274.0,2.1,32.0,131.0
5abc4da1,1786143665187,160.0,100.0,0.5,4274.0,2.0,32.0,132.0
5abc4da1,1786143675187,170.0,100.0,0.4,4274.0,1.9,32.0,134.0
5abc4da1,1786143685188,180.0,100.0,0.5,4274.0,2.0,32.0,135.0
5abc4da1,1786143695187,190.0,100.0,0.5,4274.0,1.9,32.0,136.0
5abc4da1,1786143705186,200.0,100.0,0.4,4274.0,1.8,32.0,137.0
5abc4da1,1786143715186,210.0,100.0,0.5,4274.0,2.0,32.0,139.0
5abc4da1,1786143725189,220.0,100.0,0.4,4274.0,1.8,32.0,140.0
5abc4da1,1786143735189,230.0,100.0,0.4,4274.0,1.7,32.0,142.0
5abc4da1,1786143745188,240.0,100.0,0.4,4274.0,1.6,32.0,143.0
5abc4da1,1786143755184,250.0,100.0,0.9,4274.0,4.0,32.0,144.0
5abc4da1,1786143765184,260.0,100.0,1.0,4274.0,4.3,32.0,147.0
5abc4da1,1786143775186,270.0,100.0,1.0,4274.0,4.2,32.0,150.0
5abc4da1,1786143785190,280.0,99.0,1.0,4157.0,4.1,33.0,153.0
5abc4da1,1786143795183,290.0,99.0,1.0,4157.0,4.2,33.0,156.0
5abc4da1,1786143805186,300.0,99.0,0.4,4157.0,1.7,33.0,157.0
5abc4da1,1786143825186,320.0,99.0,0.4,4157.0,1.6,33.0,159.0
5abc4da1,1786143835188,330.0,99.0,0.9,4157.0,3.9,33.0,162.0
5abc4da1,1786143845191,340.0,99.0,1.0,4157.0,4.0,33.0,164.0
5abc4da1,1786143855192,350.0,99.0,1.0,4157.0,4.1,33.0,167.0
5abc4da1,1786143865190,360.0,99.0,1.0,4157.0,4.0,33.0,170.0
5abc4da1,1786143875193,370.0,99.0,0.5,4157.0,2.1,33.0,172.0
5abc4da1,1786143885188,380.0,99.0,0.5,4157.0,2.3,33.0,173.0
5abc4da1,1786143895187,390.0,99.0,0.6,4157.0,2.3,33.0,175.0
5abc4da1,1786143905184,400.0,99.0,0.5,4157.0,2.1,33.0,176.0
5abc4da1,1786143915190,410.0,99.0,0.5,4157.0,2.1,33.0,178.0
5abc4da1,1786143925187,420.0,99.0,0.5,4157.0,2.1,33.0,179.0
5abc4da1,1786143930131,424.9,99.0,0.5,4157.0,1.9,33.0,180.0
907a2f08,1786143504382,0.0,98.0,352.5,4056.0,1429.9,36.0,2615725.0
907a2f08,1786143514381,10.0,98.0,149.4,4056.0,606.0,36.0,2615133.0
907a2f08,1786143524397,20.0,98.0,227.0,4056.0,920.9,36.0,2614611.0
907a2f08,1786143534395,30.0,98.0,188.5,4056.0,764.5,36.0,2614100.0
907a2f08,1786143544381,40.0,98.0,709.0,4056.0,2875.6,36.0,2613332.0
907a2f08,1786143554386,50.0,98.0,294.4,4056.0,1194.2,36.0,2612212.0
907a2f08,1786143564388,60.0,97.0,283.7,4056.0,1150.7,36.0,2611384.0
907a2f08,1786143574389,70.0,97.0,288.6,4056.0,1170.5,36.0,2610668.0
907a2f08,1786143584384,80.0,97.0,163.6,4056.0,663.5,36.0,2610008.0
907a2f08,1786143594389,90.0,97.0,224.6,4056.0,911.0,36.0,2609521.0
907a2f08,1786143604395,100.0,97.0,458.0,4056.0,1857.7,36.0,2608649.0
907a2f08,1786143614384,110.0,97.0,509.3,4056.0,2065.6,36.0,2607436.0
907a2f08,1786143624387,120.0,97.0,537.6,3946.0,2121.4,35.0,2605936.0
907a2f08,1786143634421,130.0,97.0,496.1,3946.0,1957.6,35.0,2604511.0
907a2f08,1786143644397,140.0,97.0,535.2,3946.0,2111.7,35.0,2603011.0
907a2f08,1786143654394,150.0,96.0,191.4,3946.0,755.3,35.0,2602126.0
907a2f08,1786143664388,160.0,96.0,139.2,3946.0,549.1,35.0,2601711.0
907a2f08,1786143674391,170.0,96.0,169.4,3946.0,668.6,35.0,2601195.0
907a2f08,1786143684400,180.0,96.0,462.4,3946.0,1824.6,35.0,2599927.0
907a2f08,1786143694387,190.0,96.0,469.7,3946.0,1853.5,35.0,2598513.0
907a2f08,1786143704400,200.0,96.0,559.6,3946.0,2208.1,35.0,2597078.0
907a2f08,1786143714384,210.0,96.0,470.2,3946.0,1855.5,35.0,2595816.0
907a2f08,1786143724380,220.0,96.0,335.4,3946.0,1323.7,35.0,2594481.0
907a2f08,1786143734392,230.0,96.0,179.2,3946.0,707.1,35.0,2593902.0
907a2f08,1786143744383,240.0,96.0,139.2,4116.0,572.8,35.0,2593413.0
907a2f08,1786143754382,250.0,96.0,457.0,4116.0,1881.1,35.0,2592546.0
907a2f08,1786143764392,260.0,96.0,445.8,4116.0,1834.9,35.0,2591354.0
907a2f08,1786143774395,270.0,96.0,439.9,4116.0,1810.8,35.0,2589949.0
907a2f08,1786143784466,280.1,96.0,480.0,4116.0,1975.6,35.0,2588630.0
907a2f08,1786143794385,290.0,95.0,447.3,4116.0,1840.9,35.0,2587299.0
907a2f08,1786143804417,300.0,95.0,174.8,4116.0,719.5,35.0,2586489.0
907a2f08,1786143814381,310.0,95.0,198.7,4116.0,818.0,35.0,2585870.0
907a2f08,1786143824385,320.0,95.0,239.3,4116.0,984.8,35.0,2585265.0
907a2f08,1786143834517,330.1,95.0,444.8,4116.0,1830.9,35.0,2584031.0
907a2f08,1786143844380,340.0,95.0,445.3,4116.0,1832.9,35.0,2582669.0
907a2f08,1786143854389,350.0,95.0,580.1,4116.0,2387.6,35.0,2581321.0
907a2f08,1786143864396,360.0,95.0,427.7,3900.0,1668.2,34.0,2580235.0
907a2f08,1786143874385,370.0,95.0,336.9,3900.0,1314.0,34.0,2579033.0
907a2f08,1786143884383,380.0,95.0,161.1,3900.0,628.4,34.0,2578416.0
907a2f08,1786143894384,390.0,95.0,222.7,4068.0,905.8,34.0,2577795.0
907a2f08,1786143904389,400.0,95.0,169.9,4068.0,691.2,34.0,2577227.0
907a2f08,1786143914392,410.0,95.0,217.8,4068.0,885.9,34.0,2576669.0
907a2f08,1786143924384,420.0,95.0,191.4,4068.0,778.6,34.0,2576121.0
907a2f08,1786143930127,425.7,95.0,133.3,4068.0,542.3,34.0,2575844.0
d8254397,1786143508884,0.0,82.0,879.7,4261.0,3748.3,31.7,3892500.0
d8254397,1786143518884,10.0,82.0,574.2,4261.0,2446.7,31.7,3892500.0
d8254397,1786143528888,20.0,82.0,285.2,4261.0,1215.0,31.7,3892500.0
d8254397,1786143538888,30.0,82.0,227.3,4261.0,968.7,31.7,3890000.0
d8254397,1786143548885,40.0,82.0,260.2,4261.0,1108.5,31.7,3890000.0
d8254397,1786143558883,50.0,82.0,318.0,4261.0,1354.9,31.7,3890000.0
d8254397,1786143568890,60.0,82.0,356.2,4261.0,1518.0,31.7,3887500.0
d8254397,1786143578884,70.0,82.0,291.4,4261.0,1241.7,31.7,3887500.0
d8254397,1786143588890,80.0,81.0,726.6,4243.0,3082.8,33.3,3887500.0
d8254397,1786143598888,90.0,81.0,290.6,4243.0,1233.1,33.3,3887500.0
d8254397,1786143608888,100.0,81.0,655.5,4243.0,2781.2,33.3,3885000.0
d8254397,1786143618884,110.0,81.0,609.4,4243.0,2585.6,33.3,3882500.0
d8254397,1786143628887,120.0,81.0,532.0,4243.0,2257.4,33.3,3882500.0
d8254397,1786143638882,130.0,81.0,679.7,4243.0,2883.9,33.3,3880000.0
d8254397,1786143648885,140.0,81.0,272.7,4243.0,1156.9,33.3,3880000.0
d8254397,1786143658887,150.0,81.0,208.6,4243.0,885.1,33.3,3877500.0
d8254397,1786143668889,160.0,81.0,143.0,4243.0,606.6,33.3,3877500.0
d8254397,1786143678889,170.0,81.0,451.6,4243.0,1916.0,33.3,3877500.0
d8254397,1786143688890,180.0,81.0,796.1,4243.0,3377.8,33.3,3875000.0
d8254397,1786143698889,190.0,81.0,490.6,4243.0,2081.7,33.3,3872500.0
d8254397,1786143708886,200.0,81.0,604.7,4243.0,2565.7,33.3,3872500.0
d8254397,1786143718887,210.0,81.0,619.5,4243.0,2628.7,33.3,3870000.0
d8254397,1786143728885,220.0,81.0,253.1,4243.0,1074.0,33.3,3870000.0
d8254397,1786143738887,230.0,81.0,134.4,4243.0,570.2,33.3,3867500.0
d8254397,1786143748888,240.0,81.0,330.5,4243.0,1402.2,33.3,3867500.0
d8254397,1786143759020,250.1,81.0,316.4,4243.0,1342.5,33.3,3865000.0
d8254397,1786143768890,260.0,81.0,532.0,4243.0,2257.4,33.3,3865000.0
d8254397,1786143778889,270.0,81.0,969.5,4243.0,4113.7,33.3,3862500.0
d8254397,1786143788885,280.0,81.0,521.1,4243.0,2211.0,33.3,3860000.0
d8254397,1786143798885,290.0,81.0,520.3,4243.0,2207.7,33.3,3860000.0
d8254397,1786143808885,300.0,81.0,339.1,4243.0,1438.6,33.3,3857500.0
d8254397,1786143818883,310.0,81.0,343.0,4243.0,1455.2,33.3,3857500.0
d8254397,1786143828889,320.0,81.0,565.6,4243.0,2399.9,33.3,3857500.0
d8254397,1786143838887,330.0,81.0,489.8,4243.0,2078.4,33.3,3855000.0
d8254397,1786143848887,340.0,81.0,455.5,4243.0,1932.6,33.3,3852500.0
d8254397,1786143858900,350.0,81.0,764.8,4243.0,3245.2,33.3,3852500.0
d8254397,1786143868894,360.0,81.0,969.5,4243.0,4113.7,33.3,3850000.0
d8254397,1786143878885,370.0,81.0,357.0,4243.0,1514.9,33.3,3850000.0
d8254397,1786143888886,380.0,81.0,268.0,4243.0,1137.0,33.3,3847500.0
d8254397,1786143898893,390.0,81.0,275.0,4243.0,1166.8,33.3,3847500.0
d8254397,1786143908885,400.0,81.0,239.8,4243.0,1017.7,33.3,3847500.0
d8254397,1786143918886,410.0,81.0,230.5,4243.0,977.9,33.3,3845000.0
d8254397,1786143928886,420.0,81.0,231.2,4243.0,981.2,33.3,3845000.0
d8254397,1786143930074,421.2,81.0,243.0,4243.0,1030.9,33.3,3845000.0
