messageId,sentAt,path,relayHops,delivered,deliveredAt,latencyMs,recvRelayHops,carried
13e29c0c-5fff-518e-a80a-e8e6db121449,1785271102983,sender -> receiver,0,True,1785271103662,679,0,False
9de68976-6f57-5577-9772-c66c5347925a,1785271102987,sender -> receiver,0,True,1785271103668,681,0,False
e3088726-f5e9-56b0-b2c0-06b78d5f0d1f,1785271104012,sender -> receiver,0,True,1785271104671,659,0,False
044c12ac-b860-5442-9f30-b86f356f7f2d,1785271104012,sender -> receiver,0,True,1785271104679,667,0,False
56c79eba-8e4f-5db3-a139-0c5a407530e5,1785271104956,sender -> receiver,0,True,1785271105618,662,0,False
b85cae21-7616-5f39-8bf9-aca021ea7c75,1785271104956,sender -> receiver,0,True,1785271105626,670,0,False
e81a9f2e-9742-5026-832b-3d9bea545f3d,1785271105953,sender -> receiver,0,True,1785271106621,668,0,False
6f0aaf1d-74ff-54a7-b16f-707524eca130,1785271105971,sender -> receiver,0,True,1785271106633,662,0,False
6a4449d3-dd6f-50ca-9710-d44ff16a3bb2,1785271106980,sender -> receiver,0,True,1785271107633,653,0,False
d0647e70-c096-59a9-bfc9-3e5639fb2fe5,1785271106982,sender -> receiver,0,True,1785271107642,660,0,False
be9c6ac2-fa0d-52b0-948e-30db8bab0fff,1785271108035,sender -> receiver,0,True,1785271108711,676,0,False
0b2458cb-813e-5eba-919a-66d46f8c525f,1785271109000,sender -> receiver,0,True,1785271109672,672,0,False
91fefd85-7908-575a-a72a-f88f550340e8,1785271109013,sender -> receiver,0,True,1785271109777,764,0,False
d5f0394f-2352-53c6-82dd-2b33410c1a6a,1785271109991,sender -> receiver,0,True,1785271110642,651,0,False
863521d6-4b9d-512e-a9aa-a1f8de344831,1785271109991,sender -> receiver,0,True,1785271110673,682,0,False
052b9672-9396-53ee-9d7b-2f74877ea16b,1785271110981,sender -> receiver,0,True,1785271111649,668,0,False
347fc5bc-1563-551d-b40f-7a1d65486c4d,1785271110986,sender -> receiver,0,True,1785271111660,674,0,False
a1577938-580d-5be2-9df6-e6c9fbb6624b,1785271111991,sender -> receiver,0,True,1785271112668,677,0,False
e0ca211f-7c09-5fc6-b84a-709d5fce27e1,1785271112019,sender -> receiver,0,True,1785271112695,676,0,False
59e31f4f-559d-5d11-abff-83e736f929bd,1785271112965,sender -> receiver,0,True,1785271113608,643,0,False
1f7f8d41-592b-5c87-834a-d9690a405c53,1785271113959,sender -> receiver,0,True,1785271114642,683,0,False
c870f53a-4a25-5e04-b815-9b290b415a3e,1785271113959,sender -> receiver,0,True,1785271114649,690,0,False
fcc570fc-eee6-5c15-bec8-2d3e419daed9,1785271114988,sender -> receiver,0,True,1785271115670,682,0,False
9624c71e-381b-5d5a-8e0f-3c2d4ce1f814,1785271114991,sender -> receiver,0,True,1785271115682,691,0,False
901c9e82-aba8-509c-86e3-19ae1f85b201,1785271115977,sender -> receiver,0,True,1785271116644,667,0,False
29a18933-dae9-50f2-90a8-4fb7462c16b5,1785271115978,sender -> receiver,0,True,1785271116686,708,0,False
9cc9bd44-3bd3-56ca-b14a-9db8df50a509,1785271116999,sender -> receiver,0,True,1785271117699,700,0,False
7f8f1403-0eb5-5444-8b3e-08663ad4b16d,1785271116999,sender -> receiver,0,True,1785271117708,709,0,False
383aaf37-dc4c-502c-a733-6771d47be5f4,1785271117960,sender -> receiver,0,True,1785271118602,642,0,False
7a0686a1-8465-559a-90c4-900f0a51b09d,1785271117980,sender -> receiver,0,True,1785271118637,657,0,False
0f4c38f2-0841-57e9-b070-12604aa6db1f,1785271118988,sender -> receiver,0,True,1785271119634,646,0,False
1717145d-5673-53e5-8bde-3c9e674ec39b,1785271120002,sender -> receiver,0,True,1785271120682,680,0,False
41726f94-3a65-5055-b693-e32a7891212a,1785271120048,sender -> receiver,0,True,1785271120690,642,0,False
3a3f7d0c-eb0a-5646-abce-a818faee7462,1785271120993,sender -> receiver,0,True,1785271121663,670,0,False
ae6ba643-9ed9-54eb-bb1e-4b3fa2110ea3,1785271120996,sender -> receiver,0,True,1785271121670,674,0,False
23ff8963-86a1-5428-93ba-1c6455d1f9d0,1785271121991,sender -> receiver,0,True,1785271122654,663,0,False
066d2c9e-5b4c-552d-a252-d0fbbe9d2082,1785271122023,sender -> receiver,0,True,1785271122664,641,0,False
d96ab747-6327-5d8e-8f60-a68c37c06ec6,1785271122954,sender -> receiver,0,True,1785271123635,681,0,False
00799339-d40f-504e-9b9b-d2d3fbe40ebe,1785271122954,sender -> receiver,0,True,1785271123643,689,0,False
32ac6b64-0920-5bf4-bb92-fe4bcae2f548,1785271123982,sender -> receiver,0,True,1785271124673,691,0,False
bdb4ce0d-3cdc-5e80-a12e-177708532097,1785271124975,sender -> receiver,0,True,1785271125649,674,0,False
3f735d01-6627-516f-9955-049610878442,1785271124976,sender -> receiver,0,True,1785271125681,705,0,False
264ffc35-baed-510f-b176-c7935933d070,1785271126000,sender -> receiver,0,True,1785271126675,675,0,False
6c61eeae-80a9-5ca8-9264-df1191dadf80,1785271126000,sender -> receiver,0,True,1785271126684,684,0,False
d5e839fb-195e-547d-a533-07b48d233eb7,1785271126995,sender -> receiver,0,True,1785271127665,670,0,False
264e8337-efe8-510b-a7c9-7a1ed5991a2d,1785271126997,sender -> receiver,0,True,1785271127672,675,0,False
406e1773-bf5b-52d9-9f9e-ebc340579da9,1785271127957,sender -> receiver,0,True,1785271128657,700,0,False
2dd1c6cd-4d6e-59c8-ad38-9355c0854959,1785271127990,sender -> receiver,0,True,1785271128664,674,0,False
412d8811-a49c-5e85-882f-49a60710f599,1785271128954,sender -> receiver,0,True,1785271129642,688,0,False
1bc25403-ed68-5902-ac56-59462a247bf2,1785271128985,sender -> receiver,0,True,1785271129647,662,0,False
252dfda7-4e17-5336-b36c-26d5e709b926,1785271129944,sender -> receiver,0,True,1785271130637,693,0,False
b95af598-2a60-5aa6-945a-39ec770913b4,1785271130978,sender -> receiver,0,True,1785271131641,663,0,False
624fcd80-911a-5762-be60-49aebcb9062f,1785271130979,sender -> receiver,0,True,1785271131651,672,0,False
0e724039-76d6-585d-81f1-758730cab9fe,1785271131949,sender -> receiver,0,True,1785271132623,674,0,False
0b235c5e-168d-5739-9451-89450f22598c,1785271131949,sender -> receiver,0,True,1785271132626,677,0,False
b806c139-ff06-527b-a18b-e6504ee00818,1785271133018,sender -> receiver,0,True,1785271133692,674,0,False
038e9829-4cba-5355-b18f-d8504b09d9a5,1785271133020,sender -> receiver,0,True,1785271133701,681,0,False
e47b8d21-4e4d-5568-a407-212597af7eb2,1785271133975,sender -> receiver,0,True,1785271134660,685,0,False
a75adabd-4b7f-596b-84e3-3f67abb07b07,1785271133976,sender -> receiver,0,True,1785271134678,702,0,False
c1df176b-9245-5c49-a91a-b1aeecd02967,1785271134962,sender -> receiver,0,True,1785271135612,650,0,False
ee6f82e4-0dab-511c-9f4c-d0d3f6e23d42,1785271135960,sender -> receiver,0,True,1785271136647,687,0,False
c8c9dad0-dd5e-5415-99ed-addc4aed95a0,1785271135962,sender -> receiver,0,True,1785271136654,692,0,False
e4a686a4-d99a-5e75-acac-ed8e9a277efe,1785271137013,sender -> receiver,0,True,1785271137714,701,0,False
a2b4c98d-deb9-5a63-bd0a-847ee7bfb410,1785271137018,sender -> receiver,0,True,1785271137724,706,0,False
7706f7c3-c411-55fd-b686-8c3fecdaf710,1785271137952,sender -> receiver,0,True,1785271138647,695,0,False
584bcea7-ee9c-55c6-97a8-e7d2cf97c1b7,1785271137956,sender -> receiver,0,True,1785271138651,695,0,False
ac7a53a1-71be-54ec-ae16-16c016dd3baa,1785271138949,sender -> receiver,0,True,1785271139638,689,0,False
97e1237f-4349-583d-b90e-b7a2acdae56e,1785271138976,sender -> receiver,0,True,1785271139648,672,0,False
2de06665-72ed-58f1-88dc-92beff30cc13,1785271139996,sender -> receiver,0,True,1785271140646,650,0,False
08790559-a9bb-5b39-97bd-6da99e3032e7,1785271140032,sender -> receiver,0,True,1785271140687,655,0,False
92897aa6-a87a-5caf-bf4d-2f4d721f53ea,1785271140966,sender -> receiver,0,True,1785271141650,684,0,False
fbc60603-e6e0-5827-9f06-8c9d6aee58f6,1785271141949,sender -> receiver,0,True,1785271142638,689,0,False
48e3b91b-a5e0-5dc4-b312-6f1d72145691,1785271141949,sender -> receiver,0,True,1785271142645,696,0,False
b4cb5e39-1ef5-5019-b33b-2e0180c06060,1785271142994,sender -> receiver,0,True,1785271143666,672,0,False
615cd786-3513-5108-bdf1-c0847bf7e076,1785271143023,sender -> receiver,0,True,1785271143672,649,0,False
cd8d6a0e-21d0-55c8-9e17-e07648a99d4f,1785271143984,sender -> receiver,0,True,1785271144672,688,0,False
8fb430e0-8403-5a8b-986e-caaca5a21e56,1785271144014,sender -> receiver,0,True,1785271144678,664,0,False
edf4f0c0-fdf9-5837-a277-bc0eb6b7a0c6,1785271145050,sender -> receiver,0,True,1785271145692,642,0,False
ed38a6d7-bda8-5822-a4ad-31cc8df816b5,1785271145056,sender -> receiver,0,True,1785271145721,665,0,False
ed26b6d6-3b74-5588-9598-eb8ec6ad22d2,1785271146000,sender -> receiver,0,True,1785271146674,674,0,False
4d1e7735-199e-599b-b09e-9fd0441b4b0f,1785271146995,sender -> receiver,0,True,1785271147706,711,0,False
7c7a0080-972c-5c51-8f10-a349e1eda6ef,1785271146998,sender -> receiver,0,True,1785271147715,717,0,False
13b1b9c1-5242-5555-9279-ca808ee0df02,1785271147969,sender -> receiver,0,True,1785271148689,720,0,False
b5f989f3-9f99-57f7-81e1-74060b1cd245,1785271148010,sender -> receiver,0,True,1785271148695,685,0,False
55595896-b6d2-5141-8218-098c3340c909,1785271148952,sender -> receiver,0,True,1785271149635,683,0,False
73765d68-c3af-52b1-ad0c-5b19708d58a4,1785271148952,sender -> receiver,0,True,1785271149645,693,0,False
ee8db842-e990-5f34-b743-39cac4fcf8d4,1785271149982,sender -> receiver,0,True,1785271150693,711,0,False
f71587d3-9076-5f82-baea-c855673d2b5a,1785271149982,sender -> receiver,0,True,1785271150697,715,0,False
ad155d31-9d6e-57a5-b76b-112c94568bf2,1785271150973,sender -> receiver,0,True,1785271151651,678,0,False
127f2ff4-db22-5e43-bc92-5b64b5c3e662,1785271150976,sender -> receiver,0,True,1785271151660,684,0,False
bdd99a64-c4d0-5bc3-baf9-8d8e74cedc75,1785271151952,sender -> receiver,0,True,1785271152612,660,0,False
32bb82e0-9fab-5517-92a2-f168086c50d5,1785271152952,sender -> receiver,0,True,1785271153661,709,0,False
e41622af-24dd-5858-a8b8-47ee1ca551ac,1785271152952,sender -> receiver,0,True,1785271153669,717,0,False
368b4397-9aa2-5fed-9b3a-db9f6bbb3b7e,1785271153954,sender -> receiver,0,True,1785271154627,673,0,False
2ac409a1-eae3-53dd-a34d-457e55abecd3,1785271153956,sender -> receiver,0,True,1785271154632,676,0,False
1af2f134-b0f0-5b75-8d67-c4f25f066969,1785271154979,sender -> receiver,0,True,1785271155639,660,0,False
c4b7e018-e033-5007-8e49-1c4a1cf08f29,1785271154981,sender -> receiver,0,True,1785271155647,666,0,False
ef06c238-b071-5b61-924b-de3010e984d0,1785271155993,sender -> receiver,0,True,1785271156685,692,0,False
52035273-e8fd-52d9-9cc3-6d94efcdfaa4,1785271155998,sender -> receiver,0,True,1785271156692,694,0,False
cc0272d5-fac0-5fb6-87d6-7327d5ebf419,1785271156981,sender -> receiver,0,True,1785271157657,676,0,False
1acb349b-10fd-55be-a003-ecd3de28f166,1785271198634,sender -> receiver,0,True,1785271199306,672,0,False
09940d98-1c61-59e9-98f6-08c6cbd909d3,1785271198635,sender -> receiver,0,True,1785271199314,679,0,False
7b305919-cbbd-5bc6-a0c6-9e0ffb10a2db,1785271199663,sender -> receiver,0,True,1785271200313,650,0,False
6a7ec9d6-454c-5ebe-aa85-ea9222582ed5,1785271199663,sender -> receiver,0,True,1785271200337,674,0,False
6c8ece4f-9456-5f2c-833a-8ca4d84caddf,1785271200627,sender -> receiver,0,True,1785271201320,693,0,False
48a67c24-dd8f-5932-94ec-4229977fe9d9,1785271200627,sender -> receiver,0,True,1785271201325,698,0,False
c0380aae-a155-54ba-a5f9-7876491fe917,1785271201634,sender -> receiver,0,True,1785271202292,658,0,False
54daeab3-9ae1-593e-a9f0-071abf29f865,1785271201639,sender -> receiver,0,True,1785271202329,690,0,False
d75a93e1-f544-5045-bbed-f16f4cafe1fc,1785271202643,sender -> receiver,0,True,1785271203326,683,0,False
9013a1ea-adda-5a85-bf01-67ac62f9de04,1785271202644,sender -> receiver,0,True,1785271203331,687,0,False
7d194a57-a0a3-5b23-b26a-a172c4cb7903,1785271203678,sender -> receiver,0,True,1785271204344,666,0,False
767f4ea8-72b4-5b3c-a3e9-70dc527fe366,1785271203680,sender -> receiver,0,True,1785271204352,672,0,False
1c9420f0-4370-55e4-90a5-a1fea870d16e,1785271204647,sender -> receiver,0,True,1785271205328,681,0,False
b43449fa-7c5a-5a68-8a80-9aaea5bc4277,1785271205669,sender -> receiver,0,True,1785271206327,658,0,False
8cb864cc-efd3-5dc3-8295-71809b18e013,1785271205671,sender -> receiver,0,True,1785271206333,662,0,False
eb4cf98f-53dd-5580-929e-64be86afd404,1785271206696,sender -> receiver,0,True,1785271207355,659,0,False
e2d55b7b-74e9-5c7c-8aa5-cb738f9fcfd3,1785271206696,sender -> receiver,0,True,1785271207360,664,0,False
b002e7d5-f264-5397-bb65-2786aab3ec5a,1785271207640,sender -> receiver,0,True,1785271208302,662,0,False
eaebbaef-18d5-50fa-92a6-40f4826d4a75,1785271207641,sender -> receiver,0,True,1785271208338,697,0,False
ebc1a0ef-be14-51db-84d5-c8a7597b1038,1785271208684,sender -> receiver,0,True,1785271209317,633,0,False
979c9030-6d56-5516-86b9-89df70ef6ffc,1785271208684,sender -> receiver,0,True,1785271209367,683,0,False
44973fd3-cc22-5642-871c-888a95f62927,1785271209682,sender -> receiver,0,True,1785271210346,664,0,False
7261abf0-624a-5da0-a914-ffe7cd89c235,1785271209708,sender -> receiver,0,True,1785271210354,646,0,False
5c8a0e0a-9326-5fea-8f9e-abb0a7fbdbe9,1785271210657,sender -> receiver,0,True,1785271211300,643,0,False
a3878ec1-9c5b-595a-b3de-17ec4127bda9,1785271210660,sender -> receiver,0,True,1785271211337,677,0,False
0075e573-a82d-5c8b-9719-104d6174cfb0,1785271211615,sender -> receiver,0,True,1785271212316,701,0,False
ac5bfeef-1b47-561f-ad72-a3201aef2e52,1785271212674,sender -> receiver,0,True,1785271213330,656,0,False
3b863880-6207-5aa2-a460-8d14a9ec9cab,1785271212674,sender -> receiver,0,True,1785271213336,662,0,False
d49b49e1-fad3-51e6-89c3-1adc87efd2d9,1785271213663,sender -> receiver,0,True,1785271214316,653,0,False
8604c39b-7388-5552-9fac-a96b20da3398,1785271213672,sender -> receiver,0,True,1785271214319,647,0,False
76ffea69-b23e-5ce0-8b36-bcc34f71558b,1785271214665,sender -> receiver,0,True,1785271215331,666,0,False
fdd1f3d9-8271-523b-8787-844da4e8e7f3,1785271214666,sender -> receiver,0,True,1785271215338,672,0,False
33144275-2557-5145-b41a-fbef959a2326,1785271215629,sender -> receiver,0,True,1785271216295,666,0,False
8483ffac-57f0-5d5e-99fc-27cfa073846d,1785271215629,sender -> receiver,0,True,1785271216302,673,0,False
a10ba25b-f69d-515b-85d8-0f00e8899eb0,1785271216628,sender -> receiver,0,True,1785271217308,680,0,False
3ba87f04-3a14-52f9-a325-e202ae52dbe3,1785271216631,sender -> receiver,0,True,1785271217312,681,0,False
6d31cf4e-b3e8-5423-aafd-762d51129c0c,1785271217627,sender -> receiver,0,True,1785271218301,674,0,False
b688e5a2-e462-5957-a734-471c9aebe39d,1785271217634,sender -> receiver,0,True,1785271218308,674,0,False
a0a018a7-26d3-5677-9889-af69f0267394,1785271218672,sender -> receiver,0,True,1785271219346,674,0,False
cea8ebc5-d802-5610-92c9-05242517521d,1785271219675,sender -> receiver,0,True,1785271220339,664,0,False
d744a06f-75a8-5ce8-9800-7faa3d51422f,1785271219675,sender -> receiver,0,True,1785271220347,672,0,False
e38cb292-575c-5d0a-97e6-f3e80c35996d,1785271220660,sender -> receiver,0,True,1785271221327,667,0,False
898e120f-ca49-5b67-8044-a8bc93746051,1785271220695,sender -> receiver,0,True,1785271221360,665,0,False
93b10958-843e-5b9f-834f-ab796fa15240,1785271221673,sender -> receiver,0,True,1785271222341,668,0,False
d4094f5b-ef74-59a7-a868-4dd6998a9e85,1785271221673,sender -> receiver,0,True,1785271222374,701,0,False
84420506-f3c3-5353-a487-b1f9d97292f9,1785271222624,sender -> receiver,0,True,1785271223305,681,0,False
609728a3-eb0b-5bfb-9f8a-dc34cbc06328,1785271222624,sender -> receiver,0,True,1785271223312,688,0,False
ece2e3e5-1bda-5560-b67d-812e9e774b64,1785271223643,sender -> receiver,0,True,1785271224310,667,0,False
f3766665-97a0-50bf-9609-06989108e210,1785271223646,sender -> receiver,0,True,1785271224338,692,0,False
46baf7d3-71c6-5f65-804c-6fa699164d78,1785271224636,sender -> receiver,0,True,1785271225292,656,0,False
ab5b1137-fb56-5ff6-a27a-a95974d397a1,1785271225625,sender -> receiver,0,True,1785271226370,745,0,False
b9374756-1245-5333-a849-7db5f6f8053f,1785271225627,sender -> receiver,0,True,1785271226382,755,0,False
9767b806-a9c1-5e53-a178-b3e44d0dbcec,1785271226656,sender -> receiver,0,True,1785271227325,669,0,False
62627eaf-a3a0-5167-a036-9dac8b99e865,1785271226677,sender -> receiver,0,True,1785271227331,654,0,False
93e559af-0cf3-528a-bab8-91596c2303a6,1785271227669,sender -> receiver,0,True,1785271228337,668,0,False
6d4b45b9-260d-5094-b442-b162f0b88d06,1785271227669,sender -> receiver,0,True,1785271228342,673,0,False
623e5fc5-4488-5b07-ac7d-7b3c3301baaf,1785271228641,sender -> receiver,0,True,1785271229300,659,0,False
fa1c5dd3-3395-5f86-8033-b3969ecf938a,1785271228643,sender -> receiver,0,True,1785271229305,662,0,False
fd02fc43-f21c-59cd-8b2a-3d782c4a06f7,1785271229621,sender -> receiver,0,True,1785271230326,705,0,False
0877b5ca-e566-51d6-97fb-e98a5db187cf,1785271229626,sender -> receiver,0,True,1785271230332,706,0,False
d01edbf5-1e48-5b63-abeb-21d96c8da43e,1785271230624,sender -> receiver,0,True,1785271231294,670,0,False
5664217d-4684-55e3-ad79-163a4fc6dd5f,1785271230652,sender -> receiver,0,True,1785271231328,676,0,False
f5c1af77-0021-5de6-8237-7dace52db693,1785271231637,sender -> receiver,0,True,1785271232319,682,0,False
80334aaa-dab7-5069-83b0-965a8493625b,1785271232676,sender -> receiver,0,True,1785271233391,715,0,False
e35c48a6-9451-593f-99ad-0c4e7b3fcd7a,1785271232679,sender -> receiver,0,True,1785271233404,725,0,False
614224e0-4200-5094-8e1c-03965bb1b59e,1785271233633,sender -> receiver,0,True,1785271234306,673,0,False
32954bbf-cd1e-5bbb-a724-415f608e6072,1785271233671,sender -> receiver,0,True,1785271234310,639,0,False
1189220c-6e54-5a78-bb45-ef11e658967c,1785271234654,sender -> receiver,0,True,1785271235318,664,0,False
320f8c3c-69c4-5ea8-86bf-0d91e6b3543b,1785271234654,sender -> receiver,0,True,1785271235325,671,0,False
28e5dc53-76e0-59d7-b99d-abb29c7c720a,1785271235683,sender -> receiver,0,True,1785271236323,640,0,False
1644faa2-e149-5bfe-9656-c65680f96b9f,1785271235718,sender -> receiver,0,True,1785271236404,686,0,False
8b939b50-53bb-5272-b07d-514fd9b5100e,1785271236662,sender -> receiver,0,True,1785271237352,690,0,False
5641d5f8-b30b-56b2-a9f0-e4a3c958ffe4,1785271236662,sender -> receiver,0,True,1785271237362,700,0,False
da87950e-56e4-5811-9ac0-c8d778133c45,1785271237692,sender -> receiver,0,True,1785271238345,653,0,False
a3d28d18-a9bd-57c1-964e-db50d07e1673,1785271237694,sender -> receiver,0,True,1785271238354,660,0,False
a622c032-4cd7-5c9c-a3b1-65c83ccbd21d,1785271238628,sender -> receiver,0,True,1785271239280,652,0,False
c9f59fff-b0b3-5c82-8630-2c4b77789f9a,1785271239664,sender -> receiver,0,True,1785271240316,652,0,False
c094b6aa-2ab1-5ea0-92a1-bc45d8aab2da,1785271239664,sender -> receiver,0,True,1785271240327,663,0,False
819c6c75-1735-5b27-b706-1c889b5441ae,1785271240658,sender -> receiver,0,True,1785271241319,661,0,False
ce63bd3e-58ab-51c9-a3db-0e17e9ba2f87,1785271240658,sender -> receiver,0,True,1785271241326,668,0,False
9ba674de-afa3-52f4-b62e-d4ab55a42e55,1785271241650,sender -> receiver,0,True,1785271242304,654,0,False
6a35ff55-f899-5f64-b33c-e5a31180eea4,1785271241652,sender -> receiver,0,True,1785271242312,660,0,False
e0337b44-531e-54c1-a4a8-2b102d618b7e,1785271242690,sender -> receiver,0,True,1785271243344,654,0,False
8d911149-28ff-5c2a-af4a-617353faa1eb,1785271242691,sender -> receiver,0,True,1785271243349,658,0,False
803320b8-5175-58b3-903a-9a3caf31a3c2,1785271243671,sender -> receiver,0,True,1785271244343,672,0,False
97b11d22-077c-593d-bf1f-e1ec4589e39e,1785271243675,sender -> receiver,0,True,1785271244348,673,0,False
3c3d4845-5a9b-55e6-b3a5-0c9e1d4e044e,1785271244654,sender -> receiver,0,True,1785271245332,678,0,False
335485b4-a263-5f59-8c08-e8c6fa838e1d,1785271244655,sender -> receiver,0,True,1785271245337,682,0,False
50eaa4db-b5d3-5724-8bc2-34aef8b3b75c,1785271245633,sender -> receiver,0,True,1785271246339,706,0,False
fca3693f-ccf9-5939-a746-d9f5152a475f,1785271246629,sender -> receiver,0,True,1785271247335,706,0,False
bbf4bd3b-d8fe-5730-b5c3-71ef7a6c1b90,1785271246658,sender -> receiver,0,True,1785271247339,681,0,False
8a446b63-4964-585d-912b-c0f673924fac,1785271247684,sender -> receiver,0,True,1785271248325,641,0,False
dc5660a6-63e6-5bab-8df4-6b3f214c6f04,1785271247685,sender -> receiver,0,True,1785271248334,649,0,False
ba7f8c96-319b-5511-b69b-94357e5be6d3,1785271248629,sender -> receiver,0,True,1785271249317,688,0,False
13010d3b-4db8-5978-8cb0-ff3f3965da9f,1785271248632,sender -> receiver,0,True,1785271249323,691,0,False
67758f99-5ae4-54ee-8abc-4f8636aabe7e,1785271249629,sender -> receiver,0,True,1785271250369,740,0,False
352fbd57-d639-51bc-843b-082651992994,1785271249665,sender -> receiver,0,True,1785271250404,739,0,False
3f6d7a97-ad2b-5092-a15b-853d2edc106c,1785271250670,sender -> receiver,0,True,1785271251314,644,0,False
318e6cb3-6b4c-5d08-be0b-f3569b0236fb,1785271250671,sender -> receiver,0,True,1785271251338,667,0,False
36aed666-2caa-5bff-9d74-62a145d44d62,1785271251620,sender -> receiver,0,True,1785271252315,695,0,False
29323eff-2cc1-5735-a2c0-ef3f3728a191,1785271297822,sender -> receiver,0,True,1785271298517,695,0,False
85819c49-e690-52c7-a95d-839641371291,1785271297827,sender -> receiver,0,True,1785271298549,722,0,False
21998b93-32d0-5175-9900-ed175c4be522,1785271298816,sender -> receiver,0,True,1785271299467,651,0,False
df065698-6295-5c89-ad76-f5122b6bae3b,1785271298817,sender -> receiver,0,True,1785271299474,657,0,False
51be026d-9ee4-5758-a191-42af90abf36d,1785271299784,sender -> receiver,0,True,1785271300508,724,0,False
eeda1e8e-be9c-5a55-8bf5-8f5b26887316,1785271299785,sender -> receiver,0,True,1785271300514,729,0,False
1e6e2261-6096-54aa-b4eb-d9c25621f09e,1785271300780,sender -> receiver,0,True,1785271301450,670,0,False
631f65ae-e37c-5a61-ade6-d93447b03784,1785271300803,sender -> receiver,0,True,1785271301542,739,0,False
2f10aec5-36b9-5605-8043-d9d639f3ccad,1785271301824,sender -> receiver,0,True,1785271302473,649,0,False
cedc8658-95b1-53f0-8375-0ba0bc4ccec7,1785271301825,sender -> receiver,0,True,1785271302481,656,0,False
afccd055-e0e7-5fa8-b588-bf94c3cf4a42,1785271302787,sender -> receiver,0,True,1785271303484,697,0,False
f65bb661-3de3-5e36-9863-dee3b9957b21,1785271302789,sender -> receiver,0,True,1785271303489,700,0,False
bd2a6d76-fabe-5106-9d8f-6927fc5c716d,1785271303799,sender -> receiver,0,True,1785271304519,720,0,False
dae30c14-6228-563a-92f7-a650aae7ea7c,1785271303805,sender -> receiver,0,True,1785271304571,766,0,False
46d54d39-9e84-5a26-b3df-78374a2505ed,1785271304830,sender -> receiver,0,True,1785271305501,671,0,False
168d4e32-26c9-5ca9-990d-aa03080b1026,1785271304830,sender -> receiver,0,True,1785271305507,677,0,False
4e11dbf7-f5b3-5edd-8b24-c13d4a8f122b,1785271305831,sender -> receiver,0,True,1785271306484,653,0,False
85eeb5d0-ba79-572c-92ad-b4ae17d7c412,1785271305832,sender -> receiver,0,True,1785271306510,678,0,False
e45e82b3-db57-580a-ab56-ee406cd586fe,1785271306788,sender -> receiver,0,True,1785271307457,669,0,False
7f0e5154-d6d2-5990-afa9-50a770ae9e1e,1785271306791,sender -> receiver,0,True,1785271307465,674,0,False
051d3b36-75fd-5796-93c7-2a57da2e823c,1785271307785,sender -> receiver,0,True,1785271308449,664,0,False
9a6c111f-a0e4-5983-941e-e16ae2bbeaa6,1785271307785,sender -> receiver,0,True,1785271308461,676,0,False
ff24ad13-a626-5c5c-9bd7-3998a348a2c5,1785271308796,sender -> receiver,0,True,1785271309467,671,0,False
18cfabc6-3694-5e42-817e-8495532bd20d,1785271308797,sender -> receiver,0,True,1785271309509,712,0,False
1403afbb-1c1f-5ae5-8fd6-74d269c71fec,1785271309822,sender -> receiver,0,True,1785271310481,659,0,False
7ebf5c41-3f84-59c0-b6f0-0e408eed164e,1785271309823,sender -> receiver,0,True,1785271310487,664,0,False
97abca02-ebc0-52e8-8f40-087689d39cb9,1785271310796,sender -> receiver,0,True,1785271311483,687,0,False
769d4a3b-d27c-59a1-a62e-ae286ce0633e,1785271310818,sender -> receiver,0,True,1785271311491,673,0,False
31694182-2a06-5b4e-984e-75ec4adb9429,1785271311782,sender -> receiver,0,True,1785271312465,683,0,False
1d0415f9-8ac5-52f2-8171-ef1516451b7a,1785271311785,sender -> receiver,0,True,1785271312474,689,0,False
8daf35d0-85a4-5426-847f-f7701c917c58,1785271312817,sender -> receiver,0,True,1785271313505,688,0,False
48d52011-545e-5cee-9f17-8a84f230bdcf,1785271312833,sender -> receiver,0,True,1785271313543,710,0,False
738b5841-2c8b-5265-8072-f47224a9a26c,1785271313810,sender -> receiver,0,True,1785271314493,683,0,False
40d76aca-f3d5-5359-976c-a7debe30024f,1785271313810,sender -> receiver,0,True,1785271314499,689,0,False
cc6620f1-3d89-525e-9f1e-c666b247c0f4,1785271314811,sender -> receiver,0,True,1785271315570,759,0,False
68fb6750-93c0-5961-969e-8198045b8350,1785271314842,sender -> receiver,0,True,1785271315605,763,0,False
0ce843f2-c9b1-5eef-a693-07e7d6803201,1785271315838,sender -> receiver,0,True,1785271316521,683,0,False
2c45e5d8-2f5e-5c20-8c24-28333f79eab5,1785271315839,sender -> receiver,0,True,1785271316528,689,0,False
2a191a24-e3b2-551d-a8b7-0c2543eebc1e,1785271316819,sender -> receiver,0,True,1785271317486,667,0,False
58bb7fd1-ae1c-5cbb-a567-69cd885c9848,1785271316821,sender -> receiver,0,True,1785271317494,673,0,False
3b66e12e-bb5a-5b73-9a8d-3bee5e88a357,1785271317846,sender -> receiver,0,True,1785271318514,668,0,False
31e4ac36-311d-5ab9-94c8-05602570cc77,1785271317892,sender -> receiver,0,True,1785271318552,660,0,False
43c2ad1c-cb3a-51fb-bf50-5c1b49373695,1785271318847,sender -> receiver,0,True,1785271319537,690,0,False
88eabe51-0c0c-5391-9ae3-715eef55759c,1785271318849,sender -> receiver,0,True,1785271319545,696,0,False
62314312-e7ad-57cd-9302-861c4a37e327,1785271319808,sender -> receiver,0,True,1785271320570,762,0,False
998c27e8-eb7d-5a96-b06f-d814e853be14,1785271319842,sender -> receiver,0,True,1785271320579,737,0,False
75f6969a-691a-5ec4-abfa-3b1cedfddb93,1785271320855,sender -> receiver,0,True,1785271321530,675,0,False
22d674dc-ac08-55bb-b4bb-2263a2ca3694,1785271320861,sender -> receiver,0,True,1785271321536,675,0,False
3c60953c-8670-50a3-b990-e62cb1397a4b,1785271321823,sender -> receiver,0,True,1785271322503,680,0,False
5c2d6da1-a39f-51bf-ae49-af27e6352bc4,1785271321827,sender -> receiver,0,True,1785271322511,684,0,False
c6f2b60d-dd74-5cf1-a873-19b4a0f1c37a,1785271322837,sender -> receiver,0,True,1785271323512,675,0,False
7125656c-17c6-5e39-9ca4-2377e105421a,1785271322837,sender -> receiver,0,True,1785271323522,685,0,False
c7d602d4-060b-5b62-a917-4c8b7c65060f,1785271323793,sender -> receiver,0,True,1785271324449,656,0,False
da66fb3d-d89c-59f5-b265-e86245b058fc,1785271323794,sender -> receiver,0,True,1785271324504,710,0,False
b552a95e-9a8b-5130-aace-a441c2bbba79,1785271324833,sender -> receiver,0,True,1785271325522,689,0,False
5940af57-351d-5274-a6c0-36e1ab656364,1785271324836,sender -> receiver,0,True,1785271325528,692,0,False
f65294dc-ae4d-52e7-bf0b-0caf93a97060,1785271325842,sender -> receiver,0,True,1785271326508,666,0,False
059673f0-c524-515a-9396-2ed9e13f51dd,1785271325844,sender -> receiver,0,True,1785271326517,673,0,False
0824198c-a869-5f6b-8e37-02fde8d6e6fb,1785271326791,sender -> receiver,0,True,1785271327481,690,0,False
0fab8c96-9191-511e-95a9-919ee1f8348e,1785271326815,sender -> receiver,0,True,1785271327529,714,0,False
aa3b2e48-789a-5943-946a-13a766a9c3d0,1785271327789,sender -> receiver,0,True,1785271328461,672,0,False
194710b6-d747-553a-a5c8-a19760a7a19f,1785271327789,sender -> receiver,0,True,1785271328493,704,0,False
e3f74797-30c9-586e-8378-08347ae56b67,1785271328807,sender -> receiver,0,True,1785271329469,662,0,False
3430c95a-eaf1-5547-949b-edaf78f5688a,1785271328808,sender -> receiver,0,True,1785271329476,668,0,False
7858d543-0424-5be1-a844-f4516f091d1d,1785271329823,sender -> receiver,0,True,1785271330504,681,0,False
753ddbe7-d3f9-5d31-8219-8010d2e0dd2e,1785271329824,sender -> receiver,0,True,1785271330510,686,0,False
685d9ec6-3eda-5f04-969c-0d74bc571afd,1785271330838,sender -> receiver,0,True,1785271331509,671,0,False
5fc78e3c-f745-5acc-843a-b7b11abd9c8e,1785271330841,sender -> receiver,0,True,1785271331514,673,0,False
36884de9-751d-5e9c-a62b-172b4bcda059,1785271331790,sender -> receiver,0,True,1785271332477,687,0,False
9dd874fb-cef0-5673-b5bb-626db8009698,1785271331826,sender -> receiver,0,True,1785271332501,675,0,False
941d0251-241e-59b2-a078-3a899d7b245a,1785271332843,sender -> receiver,0,True,1785271333531,688,0,False
3070be22-baec-5d87-8ea4-2a8a5ba81e8e,1785271332849,sender -> receiver,0,True,1785271333537,688,0,False
722863b6-817f-53de-9fa7-bc62e481cbf3,1785271333815,sender -> receiver,0,True,1785271334489,674,0,False
57226cfa-b24c-58e6-bda7-dec63d082284,1785271333816,sender -> receiver,0,True,1785271334499,683,0,False
de387a4e-30c2-5a8a-9a6c-804a7332d4ff,1785271334817,sender -> receiver,0,True,1785271335525,708,0,False
d2f4baa4-47f7-53d8-a02c-dad768c409d8,1785271334818,sender -> receiver,0,True,1785271335531,713,0,False
725b5ff2-679b-5396-9ee5-6cc99dffc7dd,1785271335812,sender -> receiver,0,True,1785271336506,694,0,False
34c33aaf-c65f-5a18-b678-03a371537acb,1785271335815,sender -> receiver,0,True,1785271336514,699,0,False
7a337673-d7f8-5ca8-b0d0-c004eecbd7cc,1785271336847,sender -> receiver,0,True,1785271337524,677,0,False
a606d620-205f-5665-971b-ce9180f46cc9,1785271336847,sender -> receiver,0,True,1785271337530,683,0,False
73c949b5-97a4-5cfc-83d6-c79fccd1e822,1785271337835,sender -> receiver,0,True,1785271338534,699,0,False
df7cc45f-b1e3-5efa-a580-bb49aa010592,1785271337842,sender -> receiver,0,True,1785271338542,700,0,False
2bf5bdad-09f9-5086-9e0a-54ea3fb38a9f,1785271338839,sender -> receiver,0,True,1785271339532,693,0,False
cd877ffc-dc46-5a03-ac10-ad1443743ba6,1785271338841,sender -> receiver,0,True,1785271339545,704,0,False
a0cf6615-94b9-53e4-a541-dd34613bff75,1785271339839,sender -> receiver,0,True,1785271340513,674,0,False
d9aaeb39-80da-56c9-a4a9-26113b354716,1785271339843,sender -> receiver,0,True,1785271340545,702,0,False
e9e7ae5a-fb0c-50ab-b237-d4b87d4eae0d,1785271340793,sender -> receiver,0,True,1785271341466,673,0,False
d6e61bc2-641e-5877-8261-7b56754b3857,1785271340824,sender -> receiver,0,True,1785271341519,695,0,False
46bad1c5-4d59-5905-a75f-71f10cbc2f91,1785271341841,sender -> receiver,0,True,1785271342493,652,0,False
f2418a24-acd1-5bb2-83e4-2c0780309083,1785271341896,sender -> receiver,0,True,1785271342528,632,0,False
b832a78f-a546-5423-8ad8-ab3c5bb4c645,1785271342876,sender -> receiver,0,True,1785271343598,722,0,False
edcc0681-0a49-5b0d-9f57-e198165cd879,1785271342877,sender -> receiver,0,True,1785271343612,735,0,False
57021151-959b-504c-b7b0-48b3a5ca63f6,1785271343835,sender -> receiver,0,True,1785271344507,672,0,False
627dff76-5673-5419-8624-7377cfbe3e6e,1785271343865,sender -> receiver,0,True,1785271344515,650,0,False
1aaa0600-b11c-5c50-a74b-df520bf16f86,1785271344806,sender -> receiver,0,True,1785271345483,677,0,False
30924e1f-bf25-5a0e-9d72-77cea5af90ec,1785271344812,sender -> receiver,0,True,1785271345492,680,0,False
47e5c388-f620-59dc-bb2f-62bdf336d6f0,1785271345808,sender -> receiver,0,True,1785271346516,708,0,False
2779e791-323e-56dd-8ad0-922adb1304a5,1785271345811,sender -> receiver,0,True,1785271346524,713,0,False
2baa5a51-12c3-59c3-8be0-423663ec3c9d,1785271346816,sender -> receiver,0,True,1785271347485,669,0,False
ad5c970f-9010-52a6-98f1-7e7894a2125d,1785271346817,sender -> receiver,0,True,1785271347515,698,0,False
8d913a35-0bf2-5a2f-91df-8e34337e8800,1785271398054,sender -> receiver,0,True,1785271398797,743,0,False
2aedc25d-599e-5d9d-967e-802f2b72587d,1785271398054,sender -> receiver,0,True,1785271398804,750,0,False
39b757cb-ce70-54a7-ad26-c90d4298063c,1785271398055,sender -> receiver,0,True,1785271398810,755,0,False
15745443-f023-52a8-93c0-8d379e0032aa,1785271399013,sender -> receiver,0,True,1785271399724,711,0,False
84c86753-da2a-5837-874c-9eb2f67214b3,1785271399032,sender -> receiver,0,True,1785271399787,755,0,False
627cf066-b6c2-527a-a6ed-7d3f033df562,1785271400019,sender -> receiver,0,True,1785271400671,652,0,False
d7270348-6f87-5c38-9aa0-2191fa3cd3ec,1785271400019,sender -> receiver,0,True,1785271400681,662,0,False
aed77aaa-6260-59ec-8fe6-d94078873628,1785271400998,sender -> receiver,0,True,1785271401763,765,0,False
c70c1949-f11f-5185-9d48-2307221b3242,1785271401028,sender -> receiver,0,True,1785271401770,742,0,False
e26b286f-dc3f-5bef-a7a7-b7ca32a98bf2,1785271402023,sender -> receiver,0,True,1785271402738,715,0,False
28a5befc-fdf8-5192-8af6-50dfc7f873b7,1785271402024,sender -> receiver,0,True,1785271402775,751,0,False
fef4a81b-c038-52c5-8f27-d0c10c8f8fb4,1785271402024,sender -> receiver,0,True,1785271402785,761,0,False
c6950793-c65a-58f9-aa1c-8d39e08d9f14,1785271403012,sender -> receiver,0,True,1785271403717,705,0,False
961b4fef-22ae-59cc-b099-445881c9d595,1785271403030,sender -> receiver,0,True,1785271403726,696,0,False
5ecb5434-73f7-5fe3-8a5c-dd221298fb03,1785271404026,sender -> receiver,0,True,1785271404728,702,0,False
d37b993e-8031-5e9e-9de0-a9ab1d399bb5,1785271404057,sender -> receiver,0,True,1785271404739,682,0,False
375ba870-7344-5831-80f3-29625479ea9e,1785271405047,sender -> receiver,0,True,1785271405700,653,0,False
14208564-2348-512b-b7bc-038857880b2e,1785271405047,sender -> receiver,0,True,1785271405708,661,0,False
b3aaa926-8156-57a0-a9d2-20d306ee8ef7,1785271405993,sender -> receiver,0,True,1785271406669,676,0,False
84c48852-f87f-50f1-8105-c35303e3a9a4,1785271406036,sender -> receiver,0,True,1785271406729,693,0,False
1b62f3a2-07dc-5259-bf20-b2f9c6ffb22e,1785271407027,sender -> receiver,0,True,1785271407816,789,0,False
bc27989f-1399-57f3-b3a9-8574bb5c1420,1785271407032,sender -> receiver,0,True,1785271407819,787,0,False
8382d5f4-c00c-5d05-bbb4-2ee3a60a6c67,1785271407035,sender -> receiver,0,True,1785271407822,787,0,False
d47e50c5-7879-5e7f-bfee-18591bb8b4e6,1785271408022,sender -> receiver,0,True,1785271408764,742,0,False
9ee18f77-9b9e-5034-96ea-551f088e41fc,1785271408027,sender -> receiver,0,True,1785271408810,783,0,False
4901eab4-d0b6-5ce0-aea0-12f7a6b41109,1785271409028,sender -> receiver,0,True,1785271409896,868,0,False
a312caa0-d851-5063-aae6-2463dbafcd03,1785271409043,sender -> receiver,0,True,1785271409933,890,0,False
281bc2dc-8958-5283-a574-977dabaa36f8,1785271409990,sender -> receiver,0,True,1785271410712,722,0,False
1ca46073-3e31-5921-8251-e3c5956777d8,1785271409994,sender -> receiver,0,True,1785271410717,723,0,False
2f0e71af-def4-5318-903c-fc9a31196488,1785271411011,sender -> receiver,0,True,1785271411705,694,0,False
a90049e5-277c-58e8-9b2b-0606ea9d03b8,1785271411017,sender -> receiver,0,True,1785271411713,696,0,False
2f5b65e8-0b9b-5163-9576-b188d6bd6c6f,1785271411035,sender -> receiver,0,True,1785271411721,686,0,False
77fb750b-657b-59b0-a6c8-298d581725b3,1785271412051,sender -> receiver,0,True,1785271412804,753,0,False
bc21e92c-8818-53ef-9e8b-5516dc29f59c,1785271412052,sender -> receiver,0,True,1785271412807,755,0,False
fedb92e6-49dc-5d10-8103-b810ad014f11,1785271413017,sender -> receiver,0,True,1785271413740,723,0,False
1e7ea14e-97d8-549f-bc80-ca20589c058c,1785271413042,sender -> receiver,0,True,1785271413756,714,0,False
51629fcb-669e-56c9-af0b-5ab3a05663e9,1785271414031,sender -> receiver,0,True,1785271414721,690,0,False
95de6bff-2e6f-5f42-a510-a004e4dcd94b,1785271414034,sender -> receiver,0,True,1785271414731,697,0,False
3773816b-7719-5e34-b4e3-30d5e66db2f4,1785271415026,sender -> receiver,0,True,1785271415732,706,0,False
58096bf0-fede-57eb-9dbe-41951fa74c5a,1785271415030,sender -> receiver,0,True,1785271415779,749,0,False
65a2b968-b0d1-5eb5-86c2-413e4642e884,1785271416015,sender -> receiver,0,True,1785271416784,769,0,False
fe0d37a6-30e6-51a5-bd5e-b888ac15638e,1785271416017,sender -> receiver,0,True,1785271416808,791,0,False
1cc87bdd-3b15-59d2-aea8-bea7754c26cc,1785271416020,sender -> receiver,0,True,1785271416811,791,0,False
fcb1bb21-b5b1-5a34-9362-954d126970fc,1785271417019,sender -> receiver,0,True,1785271417682,663,0,False
22f30b39-cdac-5879-9450-f164b4867cb8,1785271417048,sender -> receiver,0,True,1785271417726,678,0,False
6d52fa4b-7b2a-5a46-951b-de3113c6c17d,1785271418035,sender -> receiver,0,True,1785271418700,665,0,False
a1677a1b-1d44-5aad-a598-eb4374c16a13,1785271418037,sender -> receiver,0,True,1785271418717,680,0,False
cfccef0c-5505-52ba-9b88-cd5449dfa985,1785271419023,sender -> receiver,0,True,1785271419718,695,0,False
3ca776f7-f53c-59b3-8836-4fba3ef83028,1785271419029,sender -> receiver,0,True,1785271419724,695,0,False
07eb024c-d635-54ee-a667-8f8263196e54,1785271420034,sender -> receiver,0,True,1785271420831,797,0,False
c003d858-f043-55fc-8658-c76e2d7947cd,1785271420037,sender -> receiver,0,True,1785271420836,799,0,False
3a12fb9e-60a9-5366-8fb3-902a945b7245,1785271420040,sender -> receiver,0,True,1785271420841,801,0,False
7fbfe387-7549-5b53-94ad-ab818601e962,1785271421042,sender -> receiver,0,True,1785271421768,726,0,False
156a87f8-d676-52e8-b238-fa3c3899030a,1785271421043,sender -> receiver,0,True,1785271421808,765,0,False
a71f9e32-5156-50b7-b0c9-a4c56ee21fa2,1785271422044,sender -> receiver,0,True,1785271422742,698,0,False
b87f0f14-b0ad-5212-b4af-a7439094edc9,1785271422045,sender -> receiver,0,True,1785271422747,702,0,False
78424db6-b582-596b-a6ed-f8719b84507c,1785271423027,sender -> receiver,0,True,1785271423778,751,0,False
8c9e5f3b-0782-50a0-80c2-c8b09b3c7d64,1785271423031,sender -> receiver,0,True,1785271423784,753,0,False
9756b24c-1f34-50d1-8aa3-c87ce792c95e,1785271424019,sender -> receiver,0,True,1785271424785,766,0,False
478493fa-5518-55cb-9e55-6c9da3a9a1bc,1785271424048,sender -> receiver,0,True,1785271424796,748,0,False
da2418df-b0b0-5124-a794-8f295184cd05,1785271425037,sender -> receiver,0,True,1785271425700,663,0,False
0812f246-3600-5ef6-93db-30f76d0e18b6,1785271425057,sender -> receiver,0,True,1785271425705,648,0,False
ae67521e-c7e8-521d-84fb-ec66480c6939,1785271425058,sender -> receiver,0,True,1785271425710,652,0,False
19236850-5aae-5217-976b-ab522ca61d0e,1785271426044,sender -> receiver,0,True,1785271426752,708,0,False
bb63db12-8151-508b-8bfc-17733082c4aa,1785271426050,sender -> receiver,0,True,1785271426764,714,0,False
57619a4a-8628-5455-b1fd-a883460f393b,1785271427038,sender -> receiver,0,True,1785271427736,698,0,False
9dc6da43-4804-58cf-a3cb-41c1001977a1,1785271427040,sender -> receiver,0,True,1785271427797,757,0,False
0de0f052-0603-5604-a698-bc4569a6c60a,1785271427992,sender -> receiver,0,True,1785271428672,680,0,False
038bb09b-1031-572d-9cdf-9e392bc1cb8b,1785271427997,sender -> receiver,0,True,1785271428709,712,0,False
7cc2ae89-b70c-5d22-9ac4-5894c3456526,1785271429015,sender -> receiver,0,True,1785271429677,662,0,False
566ab692-6158-55f1-a7ef-7985c4514e46,1785271429017,sender -> receiver,0,True,1785271429687,670,0,False
c01ae36d-dfe9-5ffa-86c9-fdfe3bf4e7c3,1785271429018,sender -> receiver,0,True,1785271429718,700,0,False
6bceeda0-7a57-5b65-a1ed-a1d928c028f1,1785271430048,sender -> receiver,0,True,1785271430756,708,0,False
25ce3f9b-3110-59db-8b0b-5ad263269078,1785271430048,sender -> receiver,0,True,1785271430763,715,0,False
6710c4b6-fe77-56e4-ac9c-3cc6998523c3,1785271431033,sender -> receiver,0,True,1785271431711,678,0,False
921d958e-2807-5bdb-8916-d6b2e44d7664,1785271431038,sender -> receiver,0,True,1785271431718,680,0,False
d1d6391b-591f-5c84-bb96-20f8eb3cb93b,1785271432048,sender -> receiver,0,True,1785271432830,782,0,False
1287c431-bdb0-57c3-88d2-4dcc3277e838,1785271432065,sender -> receiver,0,True,1785271432838,773,0,False
317dc7fa-bdc6-5c07-b6dc-339d1a37d2b8,1785271433015,sender -> receiver,0,True,1785271433776,761,0,False
dc545a40-e072-586b-bbbd-cc3b380c5139,1785271433070,sender -> receiver,0,True,1785271433784,714,0,False
e76cddd5-f57b-5636-863f-ff4161dde040,1785271434018,sender -> receiver,0,True,1785271434681,663,0,False
0e06c27b-6067-5f1a-99c2-be22cc092112,1785271434021,sender -> receiver,0,True,1785271434762,741,0,False
7eaa68f8-711e-5bb8-9524-3379b26045cf,1785271434023,sender -> receiver,0,True,1785271434769,746,0,False
750b2ef7-1c83-5676-9703-a9e549e206d6,1785271435025,sender -> receiver,0,True,1785271435672,647,0,False
d8f7505e-3c2e-5921-bb7b-b521f163d591,1785271435037,sender -> receiver,0,True,1785271435707,670,0,False
4b67abb6-c177-5af8-b817-d5c0785af64b,1785271436011,sender -> receiver,0,True,1785271436779,768,0,False
366b4eae-ade4-5d1a-a71a-1cd7e6d91a39,1785271436013,sender -> receiver,0,True,1785271436787,774,0,False
d2f13f71-803e-5c15-8913-282a473936ec,1785271436998,sender -> receiver,0,True,1785271437666,668,0,False
7939059e-7e64-5e7b-8dd2-bf7e42aa3a00,1785271437006,sender -> receiver,0,True,1785271437724,718,0,False
24e6fab7-f26b-50c3-a5be-c3475dd933b5,1785271437990,sender -> receiver,0,True,1785271438772,782,0,False
accd4e88-2bc4-599c-9bc3-f5ef03966430,1785271437991,sender -> receiver,0,True,1785271438780,789,0,False
321dc4f3-aac3-5488-ac1b-b14325cfac2d,1785271438008,sender -> receiver,0,True,1785271438786,778,0,False
0521654f-55e2-5d8d-b161-1a123335af6b,1785271439025,sender -> receiver,0,True,1785271439720,695,0,False
0f7a954f-af4f-541a-a450-722eb7700db6,1785271439081,sender -> receiver,0,True,1785271439779,698,0,False
002ae5ca-9a65-5ec3-80a1-ac9094507d5b,1785271440030,sender -> receiver,0,True,1785271440687,657,0,False
a5042ecd-9aba-5c74-b466-1dd988f733e9,1785271440034,sender -> receiver,0,True,1785271440728,694,0,False
4fa28977-bf09-5dc5-a9b5-2d4906b9a763,1785271440999,sender -> receiver,0,True,1785271441767,768,0,False
78955f78-730a-5ac8-94f4-69e46a9de63b,1785271441001,sender -> receiver,0,True,1785271441774,773,0,False
d4a86732-b0f7-5817-8c69-db6346c620e7,1785271441991,sender -> receiver,0,True,1785271442699,708,0,False
bccc330a-10a6-50d7-ae1b-0c74d950426c,1785271441992,sender -> receiver,0,True,1785271442709,717,0,False
e4d4ce9b-a66a-55fa-9339-3a17899bb00c,1785271483697,sender -> receiver,0,True,1785271484357,660,0,False
90105685-096d-5493-87eb-1b232593ed23,1785271483700,sender -> receiver,0,True,1785271484365,665,0,False
09cacf6a-6783-5d5d-997c-bafcf289c5d4,1785271484693,sender -> receiver,0,True,1785271485398,705,0,False
15cdccd5-ee1f-5cc3-be1c-8a9440efb7d5,1785271484693,sender -> receiver,0,True,1785271485404,711,0,False
4d1b6cd3-2f58-5a29-896f-d5797e11f3cf,1785271485695,sender -> receiver,0,True,1785271486359,664,0,False
b0071d57-3cc4-5280-a2e3-1db27280bcb4,1785271485695,sender -> receiver,0,True,1785271486387,692,0,False
87974108-6c83-510e-865b-401fc6c394e0,1785271486713,sender -> receiver,0,True,1785271487433,720,0,False
dfa4242a-42d1-54c1-a6f8-9d031c3832d4,1785271486714,sender -> receiver,0,True,1785271487440,726,0,False
24ef3884-7bff-5b39-8ba0-385a89236d1d,1785271487690,sender -> receiver,0,True,1785271488386,696,0,False
2283d2c9-d507-524b-8725-caa74aa35da5,1785271487691,sender -> receiver,0,True,1785271488395,704,0,False
ab6d013b-a59e-5621-989c-cff00f32d9e4,1785271488693,sender -> receiver,0,True,1785271489351,658,0,False
de765125-7b8a-583c-9866-e8869dfacd7f,1785271489730,sender -> receiver,0,True,1785271490383,653,0,False
62e3bd7a-90ea-5771-ab26-e86a5460fc90,1785271489732,sender -> receiver,0,True,1785271490389,657,0,False
f834ba8f-f8d8-5bbf-86c1-bd01c774c9d1,1785271490720,sender -> receiver,0,True,1785271491376,656,0,False
bd5f1fc3-ceb6-57db-b415-f078fafb3b13,1785271490720,sender -> receiver,0,True,1785271491383,663,0,False
c7a59da7-e0c6-5d6a-b75e-eb8b7151764c,1785271491690,sender -> receiver,0,True,1785271492416,726,0,False
495e616c-aa37-5eb8-903b-3ecfeb8784ac,1785271491692,sender -> receiver,0,True,1785271492425,733,0,False
09c4a3b4-1030-55b1-86fd-e9466ed62842,1785271492707,sender -> receiver,0,True,1785271493379,672,0,False
53a381c8-ff0e-5543-8796-9db87160bddc,1785271492722,sender -> receiver,0,True,1785271493386,664,0,False
0df12b67-2363-5839-b0ce-deceafe754ac,1785271493722,sender -> receiver,0,True,1785271494391,669,0,False
1215ace1-1aef-556f-aaa4-6e940d2a1590,1785271494736,sender -> receiver,0,True,1785271495427,691,0,False
f8d3c9dc-b2af-55f3-8807-1f49af2fc111,1785271494768,sender -> receiver,0,True,1785271495439,671,0,False
a0e464de-b415-5695-89ee-7c9b41e6b4be,1785271495725,sender -> receiver,0,True,1785271496379,654,0,False
11933076-5346-54f4-8deb-c17829b3fd70,1785271495744,sender -> receiver,0,True,1785271496387,643,0,False
0ac9fd94-0dce-5022-a599-286098a8c8ff,1785271496739,sender -> receiver,0,True,1785271497418,679,0,False
f61dce1a-2fde-5f0b-ac11-b272278d052f,1785271496740,sender -> receiver,0,True,1785271497426,686,0,False
cd0d07cd-6902-5e1b-9c49-32893a111d7f,1785271497752,sender -> receiver,0,True,1785271498419,667,0,False
6dc3ebb6-d503-5ec9-83ce-d1e5a54bbc30,1785271497754,sender -> receiver,0,True,1785271498478,724,0,False
ffee7935-6f73-5ad3-a361-3b9d1a647cea,1785271498726,sender -> receiver,0,True,1785271499402,676,0,False
4e316497-ca1f-5917-86c2-254b99fe17cf,1785271498728,sender -> receiver,0,True,1785271499408,680,0,False
aa0c92ba-1c3b-523c-84de-78f2beddae96,1785271499732,sender -> receiver,0,True,1785271500418,686,0,False
cefcc1d4-9e86-5df7-985e-0cef4247772c,1785271500717,sender -> receiver,0,True,1785271501382,665,0,False
b04c9e55-df83-5928-8626-cc43033305e1,1785271500759,sender -> receiver,0,True,1785271501418,659,0,False
ce017a4b-c7b2-5912-acb1-9c45158e6dcb,1785271501688,sender -> receiver,0,True,1785271502355,667,0,False
66eaf604-c9cd-5850-a1c4-eacaac62dc6b,1785271501719,sender -> receiver,0,True,1785271502364,645,0,False
94349959-1c5c-511d-9727-6d52022c1f46,1785271502700,sender -> receiver,0,True,1785271503363,663,0,False
315f31ed-a34f-5a5e-a404-445163171e86,1785271502701,sender -> receiver,0,True,1785271503392,691,0,False
f277be78-fc8b-5ac8-ae73-319773e2a9c7,1785271503703,sender -> receiver,0,True,1785271504398,695,0,False
2defa355-c5db-5861-8ec5-d6da5e640624,1785271503704,sender -> receiver,0,True,1785271504407,703,0,False
7d6bbb82-4d40-58b5-bf49-363e1a5e01a6,1785271504708,sender -> receiver,0,True,1785271505412,704,0,False
b428d3d3-0408-5ac7-91af-7f38d4efbf90,1785271505764,sender -> receiver,0,True,1785271506412,648,0,False
7cc44637-94df-59a9-99fe-609d7c1b3813,1785271505769,sender -> receiver,0,True,1785271506451,682,0,False
5e114f2a-ebd5-5558-bfa4-37dd3b8a979d,1785271506755,sender -> receiver,0,True,1785271507422,667,0,False
90d24030-aefe-5e7d-9c74-7e0d35afe019,1785271506789,sender -> receiver,0,True,1785271507455,666,0,False
bbe0bf1a-522e-5067-9757-d18b42f798f8,1785271507695,sender -> receiver,0,True,1785271508453,758,0,False
9774adfb-c53e-5492-9d4d-91a7b37cf440,1785271507733,sender -> receiver,0,True,1785271508459,726,0,False
a36a67ea-0631-5909-8952-3aa6abe541e9,1785271508716,sender -> receiver,0,True,1785271509377,661,0,False
c84ca1b7-0931-5b75-b3d5-ddd5ba9bbebc,1785271508743,sender -> receiver,0,True,1785271509385,642,0,False
159f2c71-c10c-523a-971d-713b4dbe5c8c,1785271509740,sender -> receiver,0,True,1785271510371,631,0,False
a98931d4-c1ff-59f1-ad73-91dda7304009,1785271509779,sender -> receiver,0,True,1785271510450,671,0,False
1df118e7-619a-5436-8fc4-881fa40feec1,1785271510707,sender -> receiver,0,True,1785271511369,662,0,False
87ab44de-ef5a-5ad6-99e4-88fea3cd2c5d,1785271511748,sender -> receiver,0,True,1785271512424,676,0,False
befb2849-cb8f-5228-96eb-92ae22a691e4,1785271511748,sender -> receiver,0,True,1785271512432,684,0,False
77d54a21-6aa4-5e52-8ddb-17e3fb5671f3,1785271512709,sender -> receiver,0,True,1785271513380,671,0,False
af6eaf74-4b08-5b0b-9f8b-91b496791a99,1785271512710,sender -> receiver,0,True,1785271513389,679,0,False
0a31049d-5d5b-5167-ac0f-971db910a9b0,1785271513730,sender -> receiver,0,True,1785271514434,704,0,False
08706db8-d2b4-5038-bcd7-798d5111e6c4,1785271513732,sender -> receiver,0,True,1785271514442,710,0,False
79837c9b-79f0-5aa6-a47f-0bd9860af40e,1785271514720,sender -> receiver,0,True,1785271515384,664,0,False
6f2ad2c1-29a3-5600-bd51-0c696bc073a3,1785271514724,sender -> receiver,0,True,1785271515391,667,0,False
1c343952-cfdf-53c0-8e38-4950a3a0578a,1785271515721,sender -> receiver,0,True,1785271516391,670,0,False
38876827-bac7-50fd-92b8-98e3a0d1a0f8,1785271516696,sender -> receiver,0,True,1785271517402,706,0,False
358bf23b-7c1f-5dc9-b218-3ffa4ec2b569,1785271516696,sender -> receiver,0,True,1785271517410,714,0,False
2e67868d-51a7-55fd-a373-8c2f0c2f8f35,1785271517713,sender -> receiver,0,True,1785271518417,704,0,False
8c918422-50e3-5d12-b798-bd7a6fcd7611,1785271517716,sender -> receiver,0,True,1785271518427,711,0,False
0534d556-919e-508f-891c-6d9651a2f56c,1785271518701,sender -> receiver,0,True,1785271519370,669,0,False
2fbb837a-96cf-5d60-bc07-b15944124061,1785271518701,sender -> receiver,0,True,1785271519378,677,0,False
0a73a544-2aa2-5f43-a26d-3706a2943fdb,1785271519703,sender -> receiver,0,True,1785271520377,674,0,False
0efbd91c-5ba6-5014-9ce0-66401fc3afc3,1785271519707,sender -> receiver,0,True,1785271520420,713,0,False
56de167a-b577-5759-8132-7aa1f539aff2,1785271520693,sender -> receiver,0,True,1785271521463,770,0,False
58024ed5-d098-5f1d-945e-fdad60eb22a9,1785271520695,sender -> receiver,0,True,1785271521469,774,0,False
7c4c18bc-1087-5c4d-bf12-149bcd3feb44,1785271521728,sender -> receiver,0,True,1785271522391,663,0,False
0d63f95b-ee5a-5e81-9b91-ea4e8be341ee,1785271522734,sender -> receiver,0,True,1785271523392,658,0,False
d785fe7a-28c0-5a95-b1ad-3421f29a7105,1785271522738,sender -> receiver,0,True,1785271523402,664,0,False
aea7eb02-081f-5110-b72a-a7bb0b7fb7c3,1785271523713,sender -> receiver,0,True,1785271524403,690,0,False
4a9d1f75-7c9c-550d-a690-3485d0a6eb94,1785271523716,sender -> receiver,0,True,1785271524411,695,0,False
3a8ae88e-5788-50b7-bd05-55939d96d5c2,1785271524725,sender -> receiver,0,True,1785271525407,682,0,False
d1a9bf70-bc27-53d8-8786-56ac8826f90f,1785271524727,sender -> receiver,0,True,1785271525415,688,0,False
53422427-b7cb-5246-a8f7-0562d0ea4651,1785271525741,sender -> receiver,0,True,1785271526427,686,0,False
25f45bde-9552-545f-834e-5c760fad125d,1785271525743,sender -> receiver,0,True,1785271526438,695,0,False
d1fa455b-3a91-5b0b-b433-c67d3821435d,1785271526687,sender -> receiver,0,True,1785271527335,648,0,False
2e403b32-5158-5722-bcaf-59f52aa611fd,1785271527746,sender -> receiver,0,True,1785271528452,706,0,False
f8f9ba78-9934-504a-bf4f-8f8bd1e6801c,1785271527769,sender -> receiver,0,True,1785271528461,692,0,False
b2485b1f-cfaf-5068-95a6-dfdae2d05a5f,1785271528726,sender -> receiver,0,True,1785271529395,669,0,False
893b381e-ae0d-5155-8fde-a3f7a0dfcec1,1785271528729,sender -> receiver,0,True,1785271529406,677,0,False
7aeb81f4-9f9b-5e82-9678-aa183cc5dacf,1785271529693,sender -> receiver,0,True,1785271530360,667,0,False
ec12efa5-1d34-5625-86fc-0041317f5c86,1785271529732,sender -> receiver,0,True,1785271530399,667,0,False
2f8407d3-2cec-502b-9e25-a8ac5cda273e,1785271530724,sender -> receiver,0,True,1785271531377,653,0,False
283a82ed-e3bf-56c1-b32f-48a480342a9a,1785271530728,sender -> receiver,0,True,1785271531385,657,0,False
452156f8-5943-5367-bc89-76b57a2c92a0,1785271531719,sender -> receiver,0,True,1785271532416,697,0,False
f36eb90c-0646-576a-ad88-bb3523cc6b2e,1785271531721,sender -> receiver,0,True,1785271532430,709,0,False
63adc7ae-2004-5a7a-9e54-ee9c271702a2,1785271532741,sender -> receiver,0,True,1785271533402,661,0,False
d6329bce-fe7e-5bfe-bb8f-31af63e6c89f,1785271533731,sender -> receiver,0,True,1785271534410,679,0,False
b599da5e-ea94-5bf6-b0d3-b0167085c5ee,1785271533761,sender -> receiver,0,True,1785271534417,656,0,False
e3f805a3-d80d-5df6-b796-cf6f90dbfd37,1785271534747,sender -> receiver,0,True,1785271535392,645,0,False
1dd3f9a5-4d57-5057-ab0c-fd56c540073b,1785271534748,sender -> receiver,0,True,1785271535395,647,0,False
b5c544dc-28eb-5c48-b306-f1157ab7e370,1785271535699,sender -> receiver,0,True,1785271536389,690,0,False
5fc80f00-02fc-5e80-ac99-7a54802967e5,1785271535699,sender -> receiver,0,True,1785271536396,697,0,False
f3a96d87-9a89-5719-a645-78049e4efb8c,1785271536706,sender -> receiver,0,True,1785271537387,681,0,False
d581768c-275b-5d97-8212-5dd64719e4de,1785271536707,sender -> receiver,0,True,1785271537423,716,0,False
a7bf4385-c7f0-5398-8f08-5fbc9584ba47,1785271537714,sender -> receiver,0,True,1785271538404,690,0,False
