d,payloadB,lanes,leg,direction,label,t0,t1,rssi_n,advPerMin,advCoverage,power_mA_adbed3e0,energy_mAh_adbed3e0,power_mA_ba2af95f,energy_mAh_ba2af95f,msg_sent,msg_recv,recv_rate,msg_delivered,delivery_rate,rtt_median_ms,rtt_p90_ms,applat_median_ms,active_s,msg_per_s,goodput_Bps,airB_per_msg,air_overhead,rssi_adv_mean,rssi_adv_std,rssi_conn_mean,rssi_conn_std,t_discovered_s,t_connected_s,t_session_s,t_usable_s,discovered,connected,session,usable,drop
10.0,132.0,,,approach,d=10 approach t1,1785390702343,1785390767531,48,40.5,0.491,383.3,7.09,331.7,6.415,100,100,1.0,100,1.0,138.0,764.0,184.0,18.2,5.5,725.8,376.0,2.85,-59.7,1.6,-58.5,1.3,3.22,2.82,8.76,9.2,16,4,2,1,3
10.0,132.0,,,approach,d=10 approach t2,1785390767531,1785390832656,66,56.2,0.553,486.8,7.144,506.1,6.76,100,100,1.0,100,1.0,162.0,224.0,186.0,24.2,4.13,545.7,402.5,3.05,-59.2,1.5,-58.4,0.5,2.3,2.2,2.85,3.72,18,4,2,1,3
10.0,132.0,,,approach,d=10 approach t3,1785390832656,1785390897913,56,47.8,0.506,453.0,6.598,416.7,6.761,100,100,1.0,100,1.0,139.0,233.0,158.0,25.2,3.97,523.6,427.9,3.24,-59.3,1.5,-58.2,3.2,1.17,1.13,1.42,2.58,18,4,2,1,3
10.0,132.0,,,approach,d=10 approach t4,1785390897913,1785390963115,57,47.9,0.537,411.8,3.372,298.2,6.473,100,100,1.0,100,1.0,118.0,175.0,148.0,25.2,3.97,524.0,453.4,3.43,-59.7,1.6,-57.8,1.6,1.19,1.16,1.47,2.58,18,4,2,1,3
10.0,132.0,,,approach,d=10 approach t5,1785390963115,1785391028295,60,50.6,0.491,378.7,3.41,388.0,6.526,100,100,1.0,100,1.0,126.0,206.0,160.0,25.1,3.98,525.9,478.9,3.63,-59.5,1.4,-58.4,1.3,1.08,1.06,1.38,2.59,18,4,2,1,3
10.0,132.0,,,approach,d=10 approach t6,1785391028295,1785391093544,56,46.0,0.506,363.6,3.491,292.8,6.775,100,100,1.0,100,1.0,120.0,154.0,184.0,14.2,7.05,930.2,513.1,3.89,-59.7,1.6,-59.2,1.2,1.99,1.74,12.7,13.11,17,4,2,1,3
10.0,132.0,,,approach,d=10 approach t7,1785391093544,1785391158699,32,23.9,0.399,315.1,6.911,515.7,3.339,100,100,1.0,100,1.0,116.0,164.0,146.0,24.1,4.14,546.7,529.8,4.01,-60.0,1.3,-59.0,1.8,1.59,1.53,1.82,3.15,18,4,2,1,4
10.0,132.0,,,approach,d=10 approach t8,1785391158699,1785391223888,57,47.9,0.506,344.9,6.723,363.5,6.476,100,100,1.0,100,1.0,132.0,198.0,176.0,23.2,4.31,568.9,555.2,4.21,-59.7,1.6,-58.4,1.3,2.62,2.54,2.85,4.14,16,4,2,1,3
10.0,132.0,,,approach,d=10 approach t9,1785391223888,1785391289107,71,60.7,0.583,383.1,7.875,692.1,4.102,100,100,1.0,100,1.0,598.0,4560.0,644.0,25.1,3.98,525.0,580.6,4.4,-60.1,1.8,-57.4,1.5,1.79,1.5,7.35,7.96,16,4,2,1,3
10.0,132.0,,,approach,d=10 approach t10,1785391289107,1785391539674,400,89.6,0.85,388.9,31.67,373.2,29.293,100,100,1.0,100,1.0,160.0,250.0,196.0,22.1,4.52,596.0,606.1,4.59,-62.9,5.6,-60.4,4.3,3.37,3.36,3.99,5.2,90,4,2,1,3
20.0,132.0,,,approach,d=20 approach t1,1785391539674,1785391604983,59,49.6,0.521,384.9,7.277,314.2,7.221,100,100,1.0,100,1.0,223.0,378.0,268.0,24.2,4.13,544.7,631.5,4.78,-69.0,1.2,-67.0,1.9,1.94,1.93,2.53,3.64,16,4,2,1,3
20.0,132.0,,,approach,d=20 approach t2,1785391604983,1785391670202,54,46.0,0.491,445.9,7.352,347.1,6.598,100,100,1.0,100,1.0,258.0,410.0,315.0,11.4,8.79,1160.2,657.0,4.98,-69.2,1.1,-68.0,0.0,2.39,2.03,16.19,16.86,15,4,2,1,3
20.0,132.0,,,approach,d=20 approach t3,1785391670202,1785391735440,47,39.5,0.506,426.3,7.345,311.3,6.611,100,100,1.0,100,1.0,230.0,339.0,282.0,16.2,6.17,815.1,683.5,5.18,-69.0,0.8,-66.0,1.4,2.66,2.65,3.16,11.22,15,4,2,1,3
20.0,132.0,,,approach,d=20 approach t4,1785391735440,1785391800654,47,39.6,0.445,305.3,7.161,325.4,6.573,100,100,1.0,100,1.0,200.0,256.0,252.0,22.2,4.5,594.4,709.0,5.37,-69.3,1.1,-67.5,1.7,3.66,3.64,4.12,5.16,16,4,2,1,3
20.0,132.0,,,approach,d=20 approach t5,1785391800654,1785391865898,57,48.7,0.536,452.5,3.744,349.9,6.55,100,100,1.0,100,1.0,180.0,257.0,246.0,24.1,4.14,546.9,734.4,5.56,-69.1,1.1,-67.8,1.3,1.37,1.32,1.66,3.12,16,4,2,1,3
20.0,132.0,,,approach,d=20 approach t6,1785391865898,1785391931148,39,31.3,0.383,309.8,6.588,303.0,6.405,100,100,1.0,100,1.0,163.0,235.0,220.0,23.2,4.31,569.1,767.1,5.81,-69.4,1.0,-67.4,0.9,2.59,2.54,2.87,4.25,16,4,2,1,4
20.0,132.0,,,approach,d=20 approach t7,1785391931148,1785391996362,56,47.8,0.506,299.8,3.658,428.5,6.703,100,100,1.0,100,1.0,250.0,296.0,301.0,17.3,5.79,764.5,785.3,5.95,-69.3,0.9,-67.2,1.5,1.86,1.81,2.16,10.19,15,4,2,1,3
20.0,132.0,,,approach,d=20 approach t8,1785391996362,1785392061610,44,36.8,0.429,328.2,6.949,318.0,6.49,100,100,1.0,100,1.0,270.0,374.0,328.0,12.4,8.09,1067.4,810.8,6.14,-69.2,0.9,-68.2,0.5,5.74,5.47,14.8,15.62,15,4,2,1,3
20.0,132.0,,,approach,d=20 approach t9,1785392061610,1785392126791,66,57.1,0.537,433.3,7.842,406.6,7.179,100,100,1.0,100,1.0,4586.0,5693.0,4616.0,27.5,3.64,480.3,836.2,6.33,-69.7,1.0,-68.8,0.5,1.89,1.82,3.34,4.24,18,4,2,1,3
20.0,132.0,,,approach,d=20 approach t10,1785392126791,1785392601666,524,58.4,0.644,403.9,53.097,374.3,49.688,100,100,1.0,100,1.0,292.0,500.0,358.0,12.4,8.09,1067.5,861.6,6.53,-70.1,2.4,-71.6,4.8,2.16,1.87,14.92,15.84,181,4,2,1,3
30.0,132.0,,,approach,d=30 approach t1,1785392601666,1785392666901,10,2.8,0.046,225.0,6.103,351.1,3.607,100,100,1.0,100,1.0,237.0,289.0,286.0,18.3,5.47,721.9,887.1,6.72,-79.0,3.5,-79.3,2.1,1.18,1.17,1.52,9.81,17,4,2,1,4
30.0,132.0,,,approach,d=30 approach t2,1785392666901,1785392732087,27,17.5,0.276,362.5,6.101,273.1,6.361,100,100,1.0,100,1.0,198.0,283.0,248.0,23.3,4.3,567.4,912.5,6.91,-81.5,4.2,-76.9,2.9,3.32,3.26,3.49,5.07,17,4,2,1,3
30.0,132.0,,,approach,d=30 approach t3,1785392732087,1785392797323,51,42.3,0.506,321.0,3.936,523.5,6.567,100,100,1.0,100,1.0,381.0,824.0,476.0,8.5,11.75,1551.3,942.0,7.14,-79.2,4.0,-78.4,4.3,6.42,6.12,19.61,20.42,15,4,2,1,3
30.0,132.0,,,approach,d=30 approach t4,1785392797323,1785392862567,10,2.8,0.046,294.6,6.024,342.9,6.171,100,100,1.0,100,1.0,163.0,267.0,216.0,24.2,4.13,545.7,964.5,7.31,-82.3,3.1,-79.9,3.0,1.88,1.86,2.2,3.18,18,4,2,1,4
30.0,132.0,,,approach,d=30 approach t5,1785392862567,1785392927729,24,14.7,0.246,294.6,6.146,319.7,6.239,100,100,1.0,100,1.0,198.0,252.0,234.0,25.2,3.97,524.5,990.0,7.5,-78.1,3.3,-77.0,2.0,1.2,1.18,1.46,2.71,18,4,2,1,3
30.0,132.0,,,approach,d=30 approach t6,1785392927729,1785392992963,46,38.6,0.491,471.6,7.114,268.6,6.417,100,100,1.0,100,1.0,292.0,405.0,370.0,13.3,7.52,992.1,1021.1,7.74,-82.1,4.0,-77.5,3.3,1.76,1.5,13.43,14.24,17,4,2,1,3
30.0,132.0,,,approach,d=30 approach t7,1785392992963,1785393058197,23,14.7,0.23,294.0,6.027,336.2,6.151,100,100,1.0,100,1.0,168.0,216.0,204.0,25.2,3.97,524.6,1040.8,7.89,-81.4,5.5,-76.7,1.6,1.32,1.26,1.62,2.71,18,4,2,1,3
30.0,132.0,,,approach,d=30 approach t8,1785393058197,1785393123415,39,30.4,0.414,370.0,6.737,284.3,6.217,100,100,1.0,100,1.0,186.0,241.0,243.0,24.2,4.13,544.6,1066.3,8.08,-81.2,2.9,-77.8,1.5,1.66,1.63,1.94,3.21,18,4,2,1,3
30.0,132.0,,,approach,d=30 approach t9,1785393123415,1785393188604,42,32.2,0.445,346.2,7.196,410.6,3.642,100,100,1.0,100,1.0,214.0,426.0,287.0,19.3,5.17,682.2,1091.8,8.27,-80.3,3.2,-78.1,2.8,1.72,1.38,7.67,8.56,16,4,2,1,3
30.0,132.0,,,approach,d=30 approach t10,1785393188604,1785393307345,111,50.5,0.632,489.3,14.239,347.9,10.562,100,100,1.0,100,1.0,232.0,317.0,274.0,23.3,4.29,566.2,1117.2,8.46,-82.3,4.4,-80.5,4.3,2.98,2.96,3.28,4.87,38,4,2,1,3
40.0,132.0,,,approach,d=40 approach t1,1785393307345,1785393372620,36,26.7,0.306,373.8,6.677,321.7,6.621,100,100,1.0,100,1.0,269.0,742.0,348.0,13.3,7.53,993.7,1156.2,8.76,-84.6,3.9,-80.4,2.4,2.17,1.91,13.83,14.83,17,4,2,1,3
40.0,132.0,,,approach,d=40 approach t2,1785393372620,1785393437863,22,13.8,0.199,401.3,6.071,455.4,3.854,100,100,1.0,100,1.0,249.0,342.0,286.0,23.3,4.3,567.3,1168.1,8.85,-85.5,2.9,-82.3,3.5,2.78,2.68,3.19,5.11,17,4,2,1,3
40.0,132.0,,,approach,d=40 approach t3,1785393437863,1785393503101,21,12.9,0.184,311.0,2.99,314.9,5.98,100,100,1.0,100,1.0,223.0,351.0,283.0,22.2,4.5,594.6,1193.5,9.04,-83.6,2.8,-81.6,4.8,2.25,2.15,3.03,5.7,17,4,2,1,3
40.0,132.0,,,approach,d=40 approach t4,1785393503101,1785393568265,24,14.7,0.215,334.9,6.143,377.7,6.042,100,100,1.0,100,1.0,220.0,308.0,262.0,24.3,4.12,543.4,1219.0,9.23,-85.0,3.3,-82.6,3.8,1.44,1.31,1.68,3.44,18,4,2,1,3
40.0,132.0,,,approach,d=40 approach t5,1785393568265,1785393633522,19,10.1,0.153,344.7,2.935,263.5,6.23,100,100,1.0,100,1.0,293.0,870.0,369.0,14.3,6.97,920.4,1245.5,9.44,-87.2,4.5,-82.0,1.7,3.93,3.56,12.81,13.96,15,4,2,1,3
40.0,132.0,,,approach,d=40 approach t6,1785393633522,1785393698698,32,25.8,0.368,398.4,6.799,398.0,5.957,100,100,1.0,0,0.0,,,,17.0,0.0,0.0,,,-85.9,3.4,-84.0,1.6,7.92,7.84,8.15,,12,4,2,0,4
40.0,132.0,,,approach,d=40 approach t7,1785393698698,1785393763892,33,24.8,0.337,374.9,6.08,287.3,6.33,100,100,1.0,100,1.0,253.0,538.0,290.0,24.3,4.12,543.6,1302.1,9.86,-85.6,4.0,-83.5,1.4,1.99,1.97,2.39,4.04,17,4,2,1,3
40.0,132.0,,,approach,d=40 approach t8,1785393763892,1785393829110,40,31.3,0.368,471.5,6.793,337.8,6.261,100,100,1.0,100,1.0,234.0,382.0,270.0,24.9,4.02,531.1,1321.8,10.01,-84.6,3.9,-81.2,1.9,2.02,1.95,2.43,3.68,17,4,2,1,3
40.0,132.0,,,approach,d=40 approach t9,1785393829110,1785393894311,36,28.5,0.414,359.2,6.4,343.8,6.453,100,100,1.0,100,1.0,275.0,497.0,318.0,20.4,4.91,648.4,1347.3,10.21,-84.4,3.2,-80.6,2.3,6.3,6.28,6.58,8.92,15,4,2,1,3
40.0,132.0,,,approach,d=40 approach t10,1785393894311,1785394110370,47,3.1,0.046,403.3,22.577,329.3,19.296,100,100,1.0,95,0.95,210.0,527.0,283.0,19.2,4.94,652.3,1445.0,10.95,-84.2,3.7,-84.6,2.8,6.18,6.16,6.56,9.21,75,4,2,1,3
50.0,132.0,,,approach,d=50 approach t1,1785394110370,1785394175609,32,23.9,0.322,477.9,6.93,345.9,6.333,100,100,1.0,94,0.94,434.0,1153.0,502.0,16.5,5.69,751.4,1500.2,11.37,-86.5,2.6,-84.8,1.8,5.3,5.01,10.68,11.92,14,4,2,1,3
50.0,132.0,,,approach,d=50 approach t2,1785394175609,1785394240830,32,28.5,0.353,439.4,6.688,296.9,5.668,100,100,1.0,19,0.19,10370.0,19384.0,10451.0,24.9,0.76,100.8,7397.1,56.04,-85.7,1.8,-84.0,,8.17,8.02,8.61,10.26,12,4,2,1,4
50.0,132.0,,,approach,d=50 approach t3,1785394240830,1785394306099,28,22.1,0.368,526.3,7.146,309.9,5.805,100,100,1.0,91,0.91,314.0,1382.0,388.0,22.3,4.08,538.2,1592.4,12.06,-87.9,2.6,-86.2,1.3,2.82,2.81,3.45,6.46,16,4,2,1,4
50.0,132.0,,,approach,d=50 approach t4,1785394306099,1785394371283,18,9.2,0.123,380.7,6.182,265.3,5.643,100,100,1.0,96,0.96,320.0,664.0,368.0,24.3,3.95,521.8,1536.0,11.64,-88.7,3.3,-86.0,2.6,1.89,1.88,2.26,3.99,16,4,2,1,3
50.0,132.0,,,approach,d=50 approach t5,1785394371283,1785394436538,19,11.0,0.153,398.3,2.935,338.1,6.016,100,100,1.0,92,0.92,234.0,571.0,296.0,24.3,3.79,499.9,1630.4,12.35,-87.2,3.1,-86.3,3.6,2.36,2.32,2.63,4.53,16,4,2,1,3
50.0,132.0,,,approach,d=50 approach t6,1785394436538,1785394501769,19,12.0,0.184,319.7,6.501,267.8,5.857,100,100,1.0,96,0.96,330.0,1344.0,394.0,22.2,4.32,569.8,1592.8,12.07,-88.1,3.2,-85.8,2.6,3.22,3.17,3.56,6.3,17,4,2,1,3
50.0,132.0,,,approach,d=50 approach t7,1785394501769,1785394566999,29,21.2,0.322,349.3,3.445,335.8,6.0,100,100,1.0,34,0.34,8234.0,13526.0,8314.0,18.7,1.81,239.5,4564.6,34.58,-86.8,2.7,-85.5,1.4,8.98,8.85,9.51,16.4,15,6,2,1,6
50.0,132.0,,,approach,d=50 approach t8,1785394566999,1785394632194,9,0.9,0.015,412.7,6.627,247.5,5.769,100,100,1.0,96,0.96,273.0,751.0,318.0,23.5,4.09,539.5,1649.1,12.49,-89.0,,-85.5,1.9,2.51,2.45,2.94,5.22,17,4,2,1,4
50.0,132.0,,,approach,d=50 approach t9,1785394632194,1785394697446,29,22.1,0.322,412.7,7.037,334.3,3.422,100,100,1.0,23,0.23,7199.0,11435.0,7408.0,13.7,1.68,221.4,6968.9,52.79,-87.7,2.3,-86.4,2.4,11.08,10.71,11.37,21.94,12,6,2,1,6
50.0,132.0,,,approach,d=50 approach t10,1785394697446,1785394823154,30,5.3,0.072,395.7,12.67,318.3,9.013,100,100,1.0,96,0.96,300.0,1678.0,362.0,23.3,4.11,542.9,1705.4,12.92,-87.9,2.4,-85.8,2.3,2.22,2.16,2.76,6.34,41,4,2,1,3
60.0,132.0,,,approach,d=60 approach t1,1785394823154,1785394888339,18,11.0,0.169,411.5,6.565,313.0,3.288,100,100,1.0,32,0.32,1214.0,7157.0,1310.0,9.8,3.25,428.9,5168.0,39.15,-90.1,1.8,-89.3,3.1,5.06,4.79,18.26,19.75,13,4,2,1,3
60.0,,,,approach,d=60 approach t2,1785394888339,1785394953602,10,7.4,0.107,514.4,6.905,271.8,5.673,0,0,,0,,,,,,,,,,-91.0,3.1,-90.5,0.7,27.08,26.95,27.55,,5,4,2,0,4
60.0,,,,approach,d=60 approach t3,1785394953602,1785395018810,11,9.2,0.138,287.3,6.065,263.5,5.322,0,0,,0,,,,,,,,,,-91.3,1.3,-89.0,,28.15,28.03,28.45,,2,2,2,0,2
60.0,132.0,,,approach,d=60 approach t4,1785395018810,1785395084064,11,5.5,0.092,542.1,3.419,288.7,5.735,100,100,1.0,86,0.86,528.0,3086.0,614.0,22.2,3.87,510.5,1966.5,14.9,-91.2,1.6,-87.4,2.1,2.77,2.62,3.23,7.54,16,4,2,1,4
60.0,132.0,,,approach,d=60 approach t5,1785395084064,1785395149244,17,12.0,0.169,403.7,6.973,320.4,5.669,100,100,1.0,74,0.74,422.0,3215.0,496.0,22.5,3.29,433.7,2303.6,17.45,-90.8,2.5,-89.2,1.9,3.72,3.71,4.09,8.33,15,4,2,1,3
60.0,132.0,,,approach,d=60 approach t6,1785395149244,1785395214493,12,5.5,0.092,395.4,3.612,250.7,5.518,100,100,1.0,71,0.71,350.0,3072.0,400.0,22.3,3.18,419.8,2436.8,18.46,-90.3,2.1,-86.0,3.2,3.6,3.52,3.92,10.49,16,4,2,1,4
60.0,132.0,,,approach,d=60 approach t7,1785395214493,1785395279651,9,4.6,0.077,404.8,6.453,334.2,5.555,100,100,1.0,100,1.0,1739.0,2164.0,2348.0,3.9,25.52,3368.2,1755.5,13.3,-92.0,3.1,-89.0,2.4,16.6,16.49,16.88,28.87,10,6,2,1,6
60.0,,,,approach,d=60 approach t8,1785395279651,1785395344893,7,2.8,0.046,375.1,3.169,275.3,5.369,0,0,,0,,,,,,,,,,-92.7,1.5,-87.8,1.3,18.1,17.64,32.09,,9,4,2,0,3
60.0,,,,approach,d=60 approach t9,1785395344893,1785395410104,2,1.8,0.031,369.3,5.99,385.6,2.714,0,0,,0,,,,,,,,,,-91.0,4.2,,,,,,,0,0,0,0,0
60.0,132.0,,,approach,d=60 approach t10,1785395410104,1785395563181,24,1.6,0.026,361.3,16.098,335.8,11.768,100,100,1.0,100,1.0,1726.0,2559.0,2610.0,4.3,23.06,3043.6,1921.0,14.55,-90.5,1.7,-88.2,3.3,19.35,19.28,19.58,30.33,43,6,2,1,6
70.0,,,,approach,d=70 approach t1,1785395563181,1785395628440,7,5.5,0.092,330.7,6.367,314.3,2.586,0,0,,0,,,,,,,,,,-89.7,0.8,-91.0,,19.74,18.33,20.8,,4,5,2,0,5
70.0,,,,approach,d=70 approach t2,1785395628440,1785395693658,16,12.0,0.199,409.5,6.556,269.5,4.842,0,0,,0,,,,,,,,,,-90.5,2.0,-90.7,2.5,16.13,15.89,17.74,,4,4,2,0,4
70.0,,,,approach,d=70 approach t3,1785395693658,1785395758799,1,0.9,0.015,334.6,6.574,243.5,5.066,0,0,,0,,,,,,,,,,-92.0,,,,,,,,0,0,0,0,0
70.0,,,,approach,d=70 approach t4,1785395758799,1785395824003,9,8.3,0.138,431.5,6.772,298.3,5.316,0,0,,0,,,,,,,,,,-88.4,1.9,,,33.42,33.15,34.38,,2,2,2,0,2
70.0,132.0,,,approach,d=70 approach t5,1785395824003,1785395889316,13,10.1,0.153,469.8,6.759,254.1,5.277,100,58,0.58,0,0.0,,,,1.6,0.0,0.0,,,-89.5,1.4,-92.5,3.5,25.3,24.34,28.02,,4,4,2,0,4
70.0,132.0,,,approach,d=70 approach t6,1785395889316,1785395954563,13,10.1,0.138,449.4,3.486,303.0,5.544,100,100,1.0,0,0.0,,,,10.1,0.0,0.0,,,-88.7,2.5,-90.0,2.8,4.01,3.55,15.28,,8,6,2,0,5
70.0,,,,approach,d=70 approach t7,1785395954563,1785396019786,9,6.4,0.107,297.2,6.213,333.9,5.41,0,0,,0,,,,,,,,,,-89.4,1.5,-88.5,0.7,19.87,18.36,21.16,,8,6,2,0,5
70.0,132.0,,,approach,d=70 approach t8,1785396019786,1785396085105,13,8.3,0.138,355.4,3.408,315.7,5.351,100,32,0.32,15,0.15,3004.0,5273.0,3618.0,5.7,2.63,347.4,10926.9,82.78,-89.6,2.4,-90.0,2.2,7.63,6.86,9.2,30.81,8,6,2,1,6
70.0,132.0,,,approach,d=70 approach t9,1785396085105,1785396150280,19,12.9,0.184,363.9,6.807,386.8,2.973,100,100,1.0,20,0.2,11902.0,12779.0,12032.0,14.9,1.34,177.1,9278.8,70.29,-89.9,1.3,-89.4,2.7,6.57,5.62,17.87,20.26,12,4,2,1,3
70.0,132.0,,,approach,d=70 approach t10,1785396150280,1785396264506,30,8.4,0.14,338.3,10.172,277.9,11.373,100,100,1.0,31,0.31,9494.0,16132.0,9547.0,36.4,0.85,112.4,6096.9,46.19,-89.5,2.3,-88.3,2.2,4.4,4.39,6.13,14.88,33,4,2,1,3
80.0,,,,approach,d=80 approach t1,1785396264506,1785396329671,0,0.0,0.0,335.7,6.428,302.7,5.5,0,0,,0,,,,,,,,,,,,,,,,,,0,0,0,0,0
80.0,,,,approach,d=80 approach t2,1785396329671,1785396394891,0,0.0,0.0,378.8,3.325,326.1,5.588,0,0,,0,,,,,,,,,,,,,,,,,,0,0,0,0,0
80.0,,,,approach,d=80 approach t3,1785396394891,1785396460124,0,0.0,0.0,348.8,6.615,397.1,3.025,0,0,,0,,,,,,,,,,,,,,,,,,0,0,0,0,0
80.0,,,,approach,d=80 approach t4,1785396460124,1785396525290,0,0.0,0.0,420.4,2.882,336.6,3.126,0,0,,0,,,,,,,,,,,,,,,,,,0,0,0,0,0
80.0,,,,approach,d=80 approach t5,1785396525290,1785396590471,0,0.0,0.0,394.3,6.343,248.7,2.914,0,0,,0,,,,,,,,,,,,,,,,,,0,0,0,0,0
80.0,,,,approach,d=80 approach t6,1785396590471,1785396655645,4,3.7,0.061,321.1,6.59,316.6,5.547,0,0,,0,,,,,,,,,,-91.2,1.5,,,,,,,0,0,0,0,0
80.0,132.0,,,approach,d=80 approach t7,1785396655645,1785396720916,5,0.9,0.015,373.1,7.28,320.6,5.516,100,23,0.23,0,0.0,,,,1.0,0.0,0.0,,,-91.0,,-91.2,3.3,15.36,14.64,26.86,,7,4,2,0,3
80.0,,,,approach,d=80 approach t8,1785396720916,1785396786104,2,1.8,0.031,341.0,6.464,285.9,5.268,0,0,,0,,,,,,,,,,-93.5,0.7,,,,,,,0,0,0,0,0
80.0,,,,approach,d=80 approach t9,1785396786104,1785396851312,1,0.9,0.015,460.7,6.563,367.9,5.436,0,0,,0,,,,,,,,,,-91.0,,,,,,,,0,0,0,0,0
80.0,,,,approach,d=80 approach t10,1785396851312,1785396980677,4,1.4,0.023,342.6,13.334,316.2,11.469,0,0,,0,,,,,,,,,,-91.0,2.6,-90.0,,68.85,68.59,69.7,,5,3,2,0,3
90.0,,,,approach,d=90 approach t1,1785396980677,1785397045851,2,1.8,0.031,396.8,3.085,298.3,5.585,0,0,,0,,,,,,,,,,-89.0,0.0,,,,,,,0,0,0,0,0
90.0,,,,approach,d=90 approach t2,1785397045851,1785397111094,6,5.5,0.092,422.1,3.169,314.0,5.48,0,0,,0,,,,,,,,,,-90.2,1.9,,,,,,,0,0,0,0,0
90.0,,,,approach,d=90 approach t3,1785397111094,1785397176290,7,5.5,0.092,463.6,3.622,304.3,5.474,0,0,,0,,,,,,,,,,-88.8,2.1,-90.0,,24.85,24.44,,,2,2,0,0,2
90.0,,,,approach,d=90 approach t4,1785397176290,1785397241582,4,3.7,0.061,401.6,5.682,294.0,5.498,0,0,,0,,,,,,,,,,-87.5,1.3,,,,,,,0,0,0,0,0
90.0,132.0,,,approach,d=90 approach t5,1785397241582,1785397306728,16,11.1,0.184,418.9,6.758,297.8,5.535,100,100,1.0,25,0.25,11845.0,13171.0,11893.0,19.1,1.31,173.1,7649.7,57.95,-88.5,1.5,-91.5,1.3,5.08,4.71,5.85,21.27,12,4,2,1,3
90.0,,,,approach,d=90 approach t6,1785397306728,1785397371882,3,2.8,0.046,326.1,5.953,285.9,5.173,0,0,,0,,,,,,,,,,-88.7,0.6,,,,,,,0,0,0,0,0
90.0,,,,approach,d=90 approach t7,1785397371882,1785397437110,7,5.5,0.092,305.9,6.087,252.1,5.218,0,0,,0,,,,,,,,,,-91.8,0.8,-94.0,,10.43,9.72,10.84,,3,2,2,0,2
90.0,,,,approach,d=90 approach t8,1785397437110,1785397502374,8,5.5,0.092,336.8,7.046,273.4,5.553,0,0,,0,,,,,,,,,,-89.3,1.9,-89.5,2.1,30.62,29.98,31.93,,4,4,2,0,3
90.0,,,,approach,d=90 approach t9,1785397502374,1785397567600,14,7.4,0.123,297.8,6.913,369.4,3.021,0,0,,0,,,,,,,,,,-87.8,1.0,-91.0,1.5,21.16,21.04,22.25,,8,4,2,0,4
90.0,,,,approach,d=90 approach t10,1785397567600,1785397640098,0,0.0,0.0,405.9,7.447,312.5,5.539,0,0,,0,,,,,,,,,,,,,,,,,,0,0,0,0,0
100.0,,,,approach,d=100 approach t1,1785397640098,1785397705242,1,0.9,0.015,407.1,4.112,302.3,5.625,0,0,,0,,,,,,,,,,-94.0,,,,,,,,0,0,0,0,0
100.0,,,,approach,d=100 approach t2,1785397705242,1785397770402,5,4.6,0.077,527.5,7.27,322.3,5.325,0,0,,0,,,,,,,,,,-91.2,1.9,,,,,,,0,0,0,0,0
100.0,,,,approach,d=100 approach t3,1785397770402,1785397835631,2,1.8,0.031,378.9,6.484,303.6,5.668,0,0,,0,,,,,,,,,,-90.5,0.7,,,,,,,0,0,0,0,0
100.0,,,,approach,d=100 approach t4,1785397835631,1785397900829,1,0.9,0.015,347.4,6.954,383.8,5.647,0,0,,0,,,,,,,,,,-93.0,,,,,,,,0,0,0,0,0
100.0,,,,approach,d=100 approach t5,1785397900829,1785397966093,2,1.8,0.031,402.8,6.756,280.8,5.525,0,0,,0,,,,,,,,,,-90.0,0.0,,,,,,,0,0,0,0,0
100.0,,,,approach,d=100 approach t6,1785397966093,1785398031222,0,0.0,0.0,402.7,7.135,330.4,6.023,0,0,,0,,,,,,,,,,,,,,,,,,0,0,0,0,0
100.0,,,,approach,d=100 approach t7,1785398031222,1785398096471,1,0.9,0.015,408.1,6.529,327.6,2.978,0,0,,0,,,,,,,,,,-90.0,,,,,,,,0,0,0,0,0
100.0,,,,approach,d=100 approach t8,1785398096471,1785398161674,1,0.9,0.015,309.8,6.169,290.1,5.459,0,0,,0,,,,,,,,,,-90.0,,,,,,,,0,0,0,0,0
100.0,,,,approach,d=100 approach t9,1785398161674,1785398226847,3,2.8,0.046,310.1,2.932,316.9,3.039,0,0,,0,,,,,,,,,,-91.0,1.7,,,,,,,0,0,0,0,0
100.0,,,,approach,d=100 approach t10,1785398226847,1785398256885,1,2.0,0.033,388.5,0.0,215.1,0.0,0,0,,0,,,,,,,,,,-92.0,,,,,,,,0,0,0,0,0
