device,pop_n,est_m1,knee_m,best_est,max_m,median_ms_establish_at_knee,median_ms_session_at_knee,median_ms_converged_at_knee,max_in_flight,max_peripheral_links,max_total_links,est_m2,est_m3,est_m4,est_m5,est_m6,est_m7
18130c0f5a36449cc5c1d5e0c17e83ba4d248625655035b08e971693fb29ae40,2,1.0,1,1.0,1,117423.0,,117423.0,1.0,3.0,5.0,,,,,,
18130c0f5a36449cc5c1d5e0c17e83ba4d248625655035b08e971693fb29ae40,3,3.0,1,3.0,2,4960.0,,4960.0,1.0,3.0,5.0,1.0,,,,,
18130c0f5a36449cc5c1d5e0c17e83ba4d248625655035b08e971693fb29ae40,4,5.0,1,5.0,3,8694.0,,16551.0,2.0,5.0,8.0,3.0,0.0,,,,
18130c0f5a36449cc5c1d5e0c17e83ba4d248625655035b08e971693fb29ae40,5,6.0,4,7.0,4,6584.0,,8232.0,3.0,6.0,11.0,6.0,4.0,7.0,,,
18130c0f5a36449cc5c1d5e0c17e83ba4d248625655035b08e971693fb29ae40,6,4.0,3,8.0,5,16775.5,,46583.0,4.0,6.0,11.0,5.0,8.0,6.0,6.0,,
18130c0f5a36449cc5c1d5e0c17e83ba4d248625655035b08e971693fb29ae40,7,6.0,6,13.0,6,40550.0,,74739.0,3.0,7.0,13.0,0.0,3.0,3.0,1.0,13.0,
18130c0f5a36449cc5c1d5e0c17e83ba4d248625655035b08e971693fb29ae40,8,7.0,6,14.0,7,43187.5,,94583.0,6.0,7.0,13.0,13.0,8.0,7.0,3.0,14.0,12.0
44a266c4c9912ec34ea7934fbbffae1745ab82df0229f8972440ae3f43862fa4,2,0.0,1,0.0,1,,,,,,,,,,,,
44a266c4c9912ec34ea7934fbbffae1745ab82df0229f8972440ae3f43862fa4,3,3.0,1,3.0,2,4673.0,,17664.0,1.0,3.0,5.0,0.0,,,,,
44a266c4c9912ec34ea7934fbbffae1745ab82df0229f8972440ae3f43862fa4,4,4.0,3,7.0,3,9783.0,,38049.0,2.0,5.0,9.0,2.0,7.0,,,,
44a266c4c9912ec34ea7934fbbffae1745ab82df0229f8972440ae3f43862fa4,5,4.0,3,7.0,4,9974.0,,19213.0,2.0,5.0,9.0,6.0,7.0,0.0,,,
44a266c4c9912ec34ea7934fbbffae1745ab82df0229f8972440ae3f43862fa4,6,7.0,1,7.0,5,32506.0,,40725.0,4.0,6.0,11.0,7.0,7.0,6.0,7.0,,
44a266c4c9912ec34ea7934fbbffae1745ab82df0229f8972440ae3f43862fa4,7,6.0,5,9.0,6,18236.0,,30427.0,3.0,7.0,13.0,0.0,8.0,0.0,9.0,7.0,
44a266c4c9912ec34ea7934fbbffae1745ab82df0229f8972440ae3f43862fa4,8,4.0,2,11.0,7,20172.0,,23698.0,6.0,5.0,10.0,11.0,9.0,8.0,4.0,8.0,6.0
929a022c32a603e468f7e8d6f049c13afafcedfd8bc87530ce14862acf478208,2,0.0,1,0.0,1,,,,,,,,,,,,
929a022c32a603e468f7e8d6f049c13afafcedfd8bc87530ce14862acf478208,3,0.0,1,0.0,2,,,,,,,0.0,,,,,
929a022c32a603e468f7e8d6f049c13afafcedfd8bc87530ce14862acf478208,4,0.0,1,0.0,3,,,,,,,0.0,0.0,,,,
929a022c32a603e468f7e8d6f049c13afafcedfd8bc87530ce14862acf478208,5,7.0,2,8.0,4,48563.5,,53028.0,2.0,5.0,9.0,8.0,6.0,7.0,,,
929a022c32a603e468f7e8d6f049c13afafcedfd8bc87530ce14862acf478208,6,6.0,3,9.0,5,27742.0,,28401.0,2.0,6.0,11.0,7.0,9.0,7.0,7.0,,
929a022c32a603e468f7e8d6f049c13afafcedfd8bc87530ce14862acf478208,7,7.0,4,8.0,6,20720.0,,27078.5,2.0,7.0,13.0,6.0,6.0,8.0,7.0,7.0,
929a022c32a603e468f7e8d6f049c13afafcedfd8bc87530ce14862acf478208,8,6.0,6,10.0,7,39116.0,,25981.0,3.0,7.0,14.0,9.0,5.0,6.0,6.0,10.0,4.0
b7d04acb9336998acae81afd20b42895b035f3fea83f1e2dd73d0f54799e7997,2,1.0,1,1.0,1,117203.0,118520.0,118973.0,1.0,2.0,4.0,,,,,,
b7d04acb9336998acae81afd20b42895b035f3fea83f1e2dd73d0f54799e7997,3,2.0,1,2.0,2,2395.0,,5603.0,2.0,2.0,4.0,0.0,,,,,
b7d04acb9336998acae81afd20b42895b035f3fea83f1e2dd73d0f54799e7997,4,3.0,3,4.0,3,6685.5,,8432.0,2.0,4.0,6.0,1.0,4.0,,,,
b7d04acb9336998acae81afd20b42895b035f3fea83f1e2dd73d0f54799e7997,5,5.0,4,6.0,4,5603.0,,39449.0,4.0,4.0,8.0,4.0,0.0,6.0,,,
b7d04acb9336998acae81afd20b42895b035f3fea83f1e2dd73d0f54799e7997,6,8.0,1,8.0,5,29526.0,,42642.0,4.0,6.0,8.0,5.0,4.0,3.0,4.0,,
b7d04acb9336998acae81afd20b42895b035f3fea83f1e2dd73d0f54799e7997,7,3.0,4,4.0,6,28482.0,,28482.0,3.0,3.0,6.0,3.0,3.0,4.0,2.0,2.0,
b7d04acb9336998acae81afd20b42895b035f3fea83f1e2dd73d0f54799e7997,8,1.0,1,1.0,7,18944.0,,18944.0,1.0,1.0,2.0,1.0,0.0,1.0,1.0,1.0,1.0
be3a5ef56240eb49764a9be72930f5a2fbc0c2fe99dbd04a13a19944a26ec4d8,2,0.0,1,0.0,1,,,,,,,,,,,,
be3a5ef56240eb49764a9be72930f5a2fbc0c2fe99dbd04a13a19944a26ec4d8,3,0.0,1,0.0,2,,,,,,,0.0,,,,,
be3a5ef56240eb49764a9be72930f5a2fbc0c2fe99dbd04a13a19944a26ec4d8,4,0.0,1,0.0,3,,,,,,,0.0,0.0,,,,
be3a5ef56240eb49764a9be72930f5a2fbc0c2fe99dbd04a13a19944a26ec4d8,5,0.0,1,0.0,4,,,,,,,0.0,0.0,0.0,,,
be3a5ef56240eb49764a9be72930f5a2fbc0c2fe99dbd04a13a19944a26ec4d8,6,7.0,4,8.0,5,11698.5,,58375.0,3.0,6.0,11.0,4.0,0.0,8.0,4.0,,
be3a5ef56240eb49764a9be72930f5a2fbc0c2fe99dbd04a13a19944a26ec4d8,7,0.0,4,8.0,6,10307.5,,11542.0,3.0,6.0,11.0,5.0,4.0,8.0,0.0,4.0,
be3a5ef56240eb49764a9be72930f5a2fbc0c2fe99dbd04a13a19944a26ec4d8,8,6.0,1,6.0,7,48879.5,,50037.0,5.0,6.0,11.0,6.0,3.0,3.0,3.0,5.0,3.0
c3cba74287fbc882e762e4746064c773a2c0aed36d1130c887e453fc29921e33,2,0.0,1,0.0,1,,,,,,,,,,,,
c3cba74287fbc882e762e4746064c773a2c0aed36d1130c887e453fc29921e33,3,0.0,1,0.0,2,,,,,,,0.0,,,,,
c3cba74287fbc882e762e4746064c773a2c0aed36d1130c887e453fc29921e33,4,0.0,1,0.0,3,,,,,,,0.0,0.0,,,,
c3cba74287fbc882e762e4746064c773a2c0aed36d1130c887e453fc29921e33,5,0.0,1,0.0,4,,,,,,,0.0,0.0,0.0,,,
c3cba74287fbc882e762e4746064c773a2c0aed36d1130c887e453fc29921e33,6,0.0,1,0.0,5,,,,,,,0.0,0.0,0.0,0.0,,
c3cba74287fbc882e762e4746064c773a2c0aed36d1130c887e453fc29921e33,7,5.0,6,9.0,6,56269.0,,63170.0,3.0,7.0,13.0,5.0,5.0,4.0,5.0,9.0,
c3cba74287fbc882e762e4746064c773a2c0aed36d1130c887e453fc29921e33,8,0.0,7,9.0,7,45757.0,,70398.0,6.0,4.0,8.0,5.0,8.0,6.0,4.0,8.0,9.0
d5aedd63c7ff00e66c30d6b4274c2ec79b2c6e1afcb5553017621423d348ee12,2,0.0,1,0.0,1,,,,,,,,,,,,
d5aedd63c7ff00e66c30d6b4274c2ec79b2c6e1afcb5553017621423d348ee12,3,0.0,1,0.0,2,,,,,,,0.0,,,,,
d5aedd63c7ff00e66c30d6b4274c2ec79b2c6e1afcb5553017621423d348ee12,4,2.0,3,3.0,3,13631.0,,13631.0,2.0,3.0,5.0,2.0,3.0,,,,
d5aedd63c7ff00e66c30d6b4274c2ec79b2c6e1afcb5553017621423d348ee12,5,3.0,1,3.0,4,12253.0,,12253.0,2.0,3.0,5.0,2.0,2.0,3.0,,,
d5aedd63c7ff00e66c30d6b4274c2ec79b2c6e1afcb5553017621423d348ee12,6,2.0,3,4.0,5,39952.5,,39952.5,2.0,3.0,5.0,2.0,4.0,2.0,2.0,,
d5aedd63c7ff00e66c30d6b4274c2ec79b2c6e1afcb5553017621423d348ee12,7,2.0,5,5.0,6,29435.0,,29435.0,2.0,3.0,6.0,2.0,4.0,2.0,5.0,3.0,
d5aedd63c7ff00e66c30d6b4274c2ec79b2c6e1afcb5553017621423d348ee12,8,2.0,4,4.0,7,19923.0,,19923.0,2.0,3.0,6.0,3.0,2.0,4.0,4.0,4.0,2.0
f5aee069c6a61bf8ad6c908af35356d89cdaf26ec0246f69993a9cf9414a619c,2,0.0,1,0.0,1,,,,,,,,,,,,
f5aee069c6a61bf8ad6c908af35356d89cdaf26ec0246f69993a9cf9414a619c,3,0.0,1,0.0,2,,,,,,,0.0,,,,,
f5aee069c6a61bf8ad6c908af35356d89cdaf26ec0246f69993a9cf9414a619c,4,0.0,1,0.0,3,,,,,,,0.0,0.0,,,,
f5aee069c6a61bf8ad6c908af35356d89cdaf26ec0246f69993a9cf9414a619c,5,0.0,1,0.0,4,,,,,,,0.0,0.0,0.0,,,
f5aee069c6a61bf8ad6c908af35356d89cdaf26ec0246f69993a9cf9414a619c,6,0.0,1,0.0,5,,,,,,,0.0,0.0,0.0,0.0,,
f5aee069c6a61bf8ad6c908af35356d89cdaf26ec0246f69993a9cf9414a619c,7,0.0,1,0.0,6,,,,,,,0.0,0.0,0.0,0.0,0.0,
f5aee069c6a61bf8ad6c908af35356d89cdaf26ec0246f69993a9cf9414a619c,8,5.0,4,10.0,7,48177.0,,114887.0,4.0,7.0,13.0,0.0,5.0,10.0,0.0,6.0,7.0
