device,pop_n,m,rep,step,recorded,radio_up,established,conn_idx,ms_to_establish,in_flight,peripheral_links,total_links,ms_to_identified,ms_to_session,ms_to_converged
18130c0f5a36449cc5c1d5e0c17e83ba4d248625655035b08e971693fb29ae40,2,1,1,N=2 M=1 t1,0,False,0,0,,,,,,,
18130c0f5a36449cc5c1d5e0c17e83ba4d248625655035b08e971693fb29ae40,3,1,1,N=3 M=1 t1,0,False,0,0,,,,,,,
18130c0f5a36449cc5c1d5e0c17e83ba4d248625655035b08e971693fb29ae40,3,2,1,N=3 M=2 t1,0,False,0,0,,,,,,,
18130c0f5a36449cc5c1d5e0c17e83ba4d248625655035b08e971693fb29ae40,4,1,1,N=4 M=1 t1,3,True,3,1,18660.0,1.0,4.0,5.0,19506.0,,18660.0
18130c0f5a36449cc5c1d5e0c17e83ba4d248625655035b08e971693fb29ae40,4,1,1,N=4 M=1 t1,3,True,3,2,19810.0,1.0,3.0,5.0,20482.0,,19810.0
18130c0f5a36449cc5c1d5e0c17e83ba4d248625655035b08e971693fb29ae40,4,1,1,N=4 M=1 t1,3,True,3,3,23391.0,1.0,3.0,6.0,24275.0,,23391.0
18130c0f5a36449cc5c1d5e0c17e83ba4d248625655035b08e971693fb29ae40,4,2,1,N=4 M=2 t1,6,True,0,0,,,,,,,
18130c0f5a36449cc5c1d5e0c17e83ba4d248625655035b08e971693fb29ae40,4,3,1,N=4 M=3 t1,7,True,7,1,1398.0,3.0,3.0,6.0,2131.0,,1398.0
18130c0f5a36449cc5c1d5e0c17e83ba4d248625655035b08e971693fb29ae40,4,3,1,N=4 M=3 t1,7,True,7,2,5294.0,2.0,3.0,5.0,,,
18130c0f5a36449cc5c1d5e0c17e83ba4d248625655035b08e971693fb29ae40,4,3,1,N=4 M=3 t1,7,True,7,3,13564.0,2.0,4.0,7.0,16335.0,,15328.0
18130c0f5a36449cc5c1d5e0c17e83ba4d248625655035b08e971693fb29ae40,4,3,1,N=4 M=3 t1,7,True,7,4,48342.0,2.0,2.0,4.0,48826.0,,48342.0
18130c0f5a36449cc5c1d5e0c17e83ba4d248625655035b08e971693fb29ae40,4,3,1,N=4 M=3 t1,7,True,7,5,49650.0,1.0,3.0,6.0,51338.0,,53909.0
18130c0f5a36449cc5c1d5e0c17e83ba4d248625655035b08e971693fb29ae40,4,3,1,N=4 M=3 t1,7,True,7,6,63168.0,1.0,4.0,7.0,63651.0,,63168.0
18130c0f5a36449cc5c1d5e0c17e83ba4d248625655035b08e971693fb29ae40,4,3,1,N=4 M=3 t1,7,True,7,7,107245.0,1.0,4.0,7.0,108935.0,,110391.0
18130c0f5a36449cc5c1d5e0c17e83ba4d248625655035b08e971693fb29ae40,5,1,1,N=5 M=1 t1,4,True,4,1,943.0,1.0,2.0,3.0,1718.0,,943.0
18130c0f5a36449cc5c1d5e0c17e83ba4d248625655035b08e971693fb29ae40,5,1,1,N=5 M=1 t1,4,True,4,2,2589.0,1.0,1.0,3.0,4212.0,,12798.0
18130c0f5a36449cc5c1d5e0c17e83ba4d248625655035b08e971693fb29ae40,5,1,1,N=5 M=1 t1,4,True,4,3,4714.0,1.0,4.0,7.0,6097.0,,5124.0
18130c0f5a36449cc5c1d5e0c17e83ba4d248625655035b08e971693fb29ae40,5,1,1,N=5 M=1 t1,4,True,4,4,6557.0,1.0,5.0,9.0,7547.0,,23323.0
18130c0f5a36449cc5c1d5e0c17e83ba4d248625655035b08e971693fb29ae40,5,2,1,N=5 M=2 t1,8,True,8,1,151.0,1.0,1.0,2.0,934.0,,151.0
18130c0f5a36449cc5c1d5e0c17e83ba4d248625655035b08e971693fb29ae40,5,2,1,N=5 M=2 t1,8,True,8,2,2002.0,1.0,2.0,4.0,4075.0,,6048.0
18130c0f5a36449cc5c1d5e0c17e83ba4d248625655035b08e971693fb29ae40,5,2,1,N=5 M=2 t1,8,True,8,3,3708.0,2.0,4.0,7.0,5870.0,,6976.0
18130c0f5a36449cc5c1d5e0c17e83ba4d248625655035b08e971693fb29ae40,5,2,1,N=5 M=2 t1,8,True,8,4,4198.0,2.0,4.0,8.0,5165.0,,4198.0
18130c0f5a36449cc5c1d5e0c17e83ba4d248625655035b08e971693fb29ae40,5,2,1,N=5 M=2 t1,8,True,8,5,17959.0,1.0,4.0,8.0,,,22407.0
18130c0f5a36449cc5c1d5e0c17e83ba4d248625655035b08e971693fb29ae40,5,2,1,N=5 M=2 t1,8,True,8,6,23984.0,1.0,4.0,8.0,25880.0,,23984.0
18130c0f5a36449cc5c1d5e0c17e83ba4d248625655035b08e971693fb29ae40,5,2,1,N=5 M=2 t1,8,True,8,7,54742.0,1.0,4.0,8.0,56049.0,,61126.0
18130c0f5a36449cc5c1d5e0c17e83ba4d248625655035b08e971693fb29ae40,5,2,1,N=5 M=2 t1,8,True,8,8,110279.0,1.0,4.0,8.0,112155.0,,113026.0
18130c0f5a36449cc5c1d5e0c17e83ba4d248625655035b08e971693fb29ae40,5,3,1,N=5 M=3 t1,5,True,5,1,2942.0,1.0,5.0,9.0,4645.0,,22498.0
18130c0f5a36449cc5c1d5e0c17e83ba4d248625655035b08e971693fb29ae40,5,3,1,N=5 M=3 t1,5,True,5,2,45113.0,1.0,4.0,8.0,48733.0,,45113.0
18130c0f5a36449cc5c1d5e0c17e83ba4d248625655035b08e971693fb29ae40,5,3,1,N=5 M=3 t1,5,True,5,3,58861.0,1.0,4.0,8.0,59754.0,,60508.0
18130c0f5a36449cc5c1d5e0c17e83ba4d248625655035b08e971693fb29ae40,5,3,1,N=5 M=3 t1,5,True,5,4,73185.0,1.0,4.0,8.0,79435.0,,77311.0
18130c0f5a36449cc5c1d5e0c17e83ba4d248625655035b08e971693fb29ae40,5,3,1,N=5 M=3 t1,5,True,5,5,77958.0,1.0,5.0,9.0,79435.0,,77958.0
18130c0f5a36449cc5c1d5e0c17e83ba4d248625655035b08e971693fb29ae40,5,4,1,N=5 M=4 t1,9,True,10,1,2277.0,1.0,1.0,2.0,3724.0,,5138.0
18130c0f5a36449cc5c1d5e0c17e83ba4d248625655035b08e971693fb29ae40,5,4,1,N=5 M=4 t1,9,True,10,2,5321.0,3.0,2.0,4.0,6132.0,,5321.0
18130c0f5a36449cc5c1d5e0c17e83ba4d248625655035b08e971693fb29ae40,5,4,1,N=5 M=4 t1,9,True,10,3,25064.0,1.0,4.0,7.0,25890.0,,25064.0
18130c0f5a36449cc5c1d5e0c17e83ba4d248625655035b08e971693fb29ae40,5,4,1,N=5 M=4 t1,9,True,10,4,27524.0,1.0,4.0,8.0,29545.0,,30146.0
18130c0f5a36449cc5c1d5e0c17e83ba4d248625655035b08e971693fb29ae40,5,4,1,N=5 M=4 t1,9,True,10,5,32182.0,1.0,4.0,8.0,33518.0,,51722.0
18130c0f5a36449cc5c1d5e0c17e83ba4d248625655035b08e971693fb29ae40,5,4,1,N=5 M=4 t1,9,True,10,6,43974.0,1.0,3.0,6.0,45342.0,,51722.0
18130c0f5a36449cc5c1d5e0c17e83ba4d248625655035b08e971693fb29ae40,5,4,1,N=5 M=4 t1,9,True,10,7,48249.0,1.0,5.0,9.0,49898.0,,48249.0
18130c0f5a36449cc5c1d5e0c17e83ba4d248625655035b08e971693fb29ae40,5,4,1,N=5 M=4 t1,9,True,10,8,64911.0,1.0,4.0,8.0,66868.0,,64911.0
18130c0f5a36449cc5c1d5e0c17e83ba4d248625655035b08e971693fb29ae40,5,4,1,N=5 M=4 t1,9,True,10,9,74953.0,1.0,4.0,8.0,81465.0,,74953.0
18130c0f5a36449cc5c1d5e0c17e83ba4d248625655035b08e971693fb29ae40,5,4,1,N=5 M=4 t1,9,True,10,10,117345.0,1.0,4.0,8.0,119387.0,,
18130c0f5a36449cc5c1d5e0c17e83ba4d248625655035b08e971693fb29ae40,6,1,1,N=6 M=1 t1,8,True,8,1,2943.0,1.0,2.0,4.0,3678.0,,54532.0
18130c0f5a36449cc5c1d5e0c17e83ba4d248625655035b08e971693fb29ae40,6,1,1,N=6 M=1 t1,8,True,8,2,4356.0,1.0,3.0,6.0,5043.0,,5773.0
18130c0f5a36449cc5c1d5e0c17e83ba4d248625655035b08e971693fb29ae40,6,1,1,N=6 M=1 t1,8,True,8,3,6693.0,1.0,4.0,8.0,7510.0,,18601.0
18130c0f5a36449cc5c1d5e0c17e83ba4d248625655035b08e971693fb29ae40,6,1,1,N=6 M=1 t1,8,True,8,4,18318.0,1.0,4.0,8.0,19672.0,,21651.0
18130c0f5a36449cc5c1d5e0c17e83ba4d248625655035b08e971693fb29ae40,6,1,1,N=6 M=1 t1,8,True,8,5,29869.0,1.0,4.0,8.0,30624.0,,54532.0
18130c0f5a36449cc5c1d5e0c17e83ba4d248625655035b08e971693fb29ae40,6,1,1,N=6 M=1 t1,8,True,8,6,39366.0,1.0,5.0,10.0,40408.0,,41131.0
18130c0f5a36449cc5c1d5e0c17e83ba4d248625655035b08e971693fb29ae40,6,1,1,N=6 M=1 t1,8,True,8,7,52470.0,1.0,6.0,11.0,53400.0,,54532.0
18130c0f5a36449cc5c1d5e0c17e83ba4d248625655035b08e971693fb29ae40,6,1,1,N=6 M=1 t1,8,True,8,8,64123.0,1.0,5.0,10.0,65310.0,,64123.0
18130c0f5a36449cc5c1d5e0c17e83ba4d248625655035b08e971693fb29ae40,6,2,1,N=6 M=2 t1,3,True,3,1,1553.0,1.0,3.0,6.0,2687.0,,4559.0
18130c0f5a36449cc5c1d5e0c17e83ba4d248625655035b08e971693fb29ae40,6,2,1,N=6 M=2 t1,3,True,3,2,2898.0,1.0,4.0,8.0,3897.0,,2898.0
18130c0f5a36449cc5c1d5e0c17e83ba4d248625655035b08e971693fb29ae40,6,2,1,N=6 M=2 t1,3,True,3,3,26606.0,1.0,5.0,9.0,28270.0,,26606.0
18130c0f5a36449cc5c1d5e0c17e83ba4d248625655035b08e971693fb29ae40,6,3,1,N=6 M=3 t1,9,True,9,1,2258.0,2.0,4.0,6.0,,,
18130c0f5a36449cc5c1d5e0c17e83ba4d248625655035b08e971693fb29ae40,6,3,1,N=6 M=3 t1,9,True,9,2,2707.0,3.0,5.0,8.0,3447.0,,2707.0
18130c0f5a36449cc5c1d5e0c17e83ba4d248625655035b08e971693fb29ae40,6,3,1,N=6 M=3 t1,9,True,9,3,2709.0,3.0,5.0,9.0,22715.0,,9435.0
18130c0f5a36449cc5c1d5e0c17e83ba4d248625655035b08e971693fb29ae40,6,3,1,N=6 M=3 t1,9,True,9,4,5106.0,1.0,5.0,9.0,5932.0,,21184.0
18130c0f5a36449cc5c1d5e0c17e83ba4d248625655035b08e971693fb29ae40,6,3,1,N=6 M=3 t1,9,True,9,5,7439.0,1.0,6.0,11.0,22715.0,,9435.0
18130c0f5a36449cc5c1d5e0c17e83ba4d248625655035b08e971693fb29ae40,6,3,1,N=6 M=3 t1,9,True,9,6,20890.0,1.0,4.0,8.0,22715.0,,23633.0
18130c0f5a36449cc5c1d5e0c17e83ba4d248625655035b08e971693fb29ae40,6,3,1,N=6 M=3 t1,9,True,9,7,22167.0,2.0,5.0,10.0,23647.0,,24546.0
18130c0f5a36449cc5c1d5e0c17e83ba4d248625655035b08e971693fb29ae40,6,3,1,N=6 M=3 t1,9,True,9,8,44151.0,1.0,5.0,10.0,45060.0,,44151.0
18130c0f5a36449cc5c1d5e0c17e83ba4d248625655035b08e971693fb29ae40,6,3,1,N=6 M=3 t1,9,True,9,9,70774.0,1.0,5.0,10.0,74118.0,,70774.0
18130c0f5a36449cc5c1d5e0c17e83ba4d248625655035b08e971693fb29ae40,6,4,1,N=6 M=4 t1,9,True,9,1,2118.0,2.0,2.0,3.0,2744.0,,2118.0
18130c0f5a36449cc5c1d5e0c17e83ba4d248625655035b08e971693fb29ae40,6,4,1,N=6 M=4 t1,9,True,9,2,4206.0,1.0,3.0,5.0,5810.0,,6239.0
18130c0f5a36449cc5c1d5e0c17e83ba4d248625655035b08e971693fb29ae40,6,4,1,N=6 M=4 t1,9,True,9,3,6180.0,2.0,3.0,6.0,,,
18130c0f5a36449cc5c1d5e0c17e83ba4d248625655035b08e971693fb29ae40,6,4,1,N=6 M=4 t1,9,True,9,4,7331.0,3.0,4.0,8.0,9051.0,,29880.0
18130c0f5a36449cc5c1d5e0c17e83ba4d248625655035b08e971693fb29ae40,6,4,1,N=6 M=4 t1,9,True,9,5,25788.0,2.0,6.0,10.0,,,47788.0
18130c0f5a36449cc5c1d5e0c17e83ba4d248625655035b08e971693fb29ae40,6,4,1,N=6 M=4 t1,9,True,9,6,26052.0,2.0,6.0,11.0,27831.0,,26052.0
18130c0f5a36449cc5c1d5e0c17e83ba4d248625655035b08e971693fb29ae40,6,4,1,N=6 M=4 t1,9,True,9,7,47783.0,2.0,5.0,9.0,,,47788.0
18130c0f5a36449cc5c1d5e0c17e83ba4d248625655035b08e971693fb29ae40,6,4,1,N=6 M=4 t1,9,True,9,8,68091.0,1.0,4.0,7.0,68894.0,,68091.0
18130c0f5a36449cc5c1d5e0c17e83ba4d248625655035b08e971693fb29ae40,6,4,1,N=6 M=4 t1,9,True,9,9,69412.0,2.0,4.0,8.0,71399.0,,84769.0
18130c0f5a36449cc5c1d5e0c17e83ba4d248625655035b08e971693fb29ae40,6,5,1,N=6 M=5 t1,6,True,6,1,5199.0,1.0,2.0,4.0,6127.0,,6842.0
18130c0f5a36449cc5c1d5e0c17e83ba4d248625655035b08e971693fb29ae40,6,5,1,N=6 M=5 t1,6,True,6,2,9065.0,1.0,4.0,7.0,9959.0,,11770.0
18130c0f5a36449cc5c1d5e0c17e83ba4d248625655035b08e971693fb29ae40,6,5,1,N=6 M=5 t1,6,True,6,3,9866.0,2.0,4.0,8.0,10727.0,,9866.0
18130c0f5a36449cc5c1d5e0c17e83ba4d248625655035b08e971693fb29ae40,6,5,1,N=6 M=5 t1,6,True,6,4,80234.0,1.0,3.0,6.0,83558.0,,80234.0
18130c0f5a36449cc5c1d5e0c17e83ba4d248625655035b08e971693fb29ae40,6,5,1,N=6 M=5 t1,6,True,6,5,102244.0,1.0,5.0,9.0,,,102244.0
18130c0f5a36449cc5c1d5e0c17e83ba4d248625655035b08e971693fb29ae40,6,5,1,N=6 M=5 t1,6,True,6,6,102683.0,1.0,5.0,9.0,,,
44a266c4c9912ec34ea7934fbbffae1745ab82df0229f8972440ae3f43862fa4,2,1,1,N=2 M=1 t1,0,False,0,0,,,,,,,
44a266c4c9912ec34ea7934fbbffae1745ab82df0229f8972440ae3f43862fa4,3,1,1,N=3 M=1 t1,0,False,0,0,,,,,,,
44a266c4c9912ec34ea7934fbbffae1745ab82df0229f8972440ae3f43862fa4,3,2,1,N=3 M=2 t1,0,False,0,0,,,,,,,
44a266c4c9912ec34ea7934fbbffae1745ab82df0229f8972440ae3f43862fa4,4,1,1,N=4 M=1 t1,0,False,0,0,,,,,,,
44a266c4c9912ec34ea7934fbbffae1745ab82df0229f8972440ae3f43862fa4,4,2,1,N=4 M=2 t1,0,False,0,0,,,,,,,
44a266c4c9912ec34ea7934fbbffae1745ab82df0229f8972440ae3f43862fa4,4,3,1,N=4 M=3 t1,0,False,0,0,,,,,,,
44a266c4c9912ec34ea7934fbbffae1745ab82df0229f8972440ae3f43862fa4,5,1,1,N=5 M=1 t1,5,True,6,1,18523.0,1.0,4.0,5.0,22279.0,,18523.0
44a266c4c9912ec34ea7934fbbffae1745ab82df0229f8972440ae3f43862fa4,5,1,1,N=5 M=1 t1,5,True,6,2,22594.0,1.0,3.0,5.0,23460.0,,22594.0
44a266c4c9912ec34ea7934fbbffae1745ab82df0229f8972440ae3f43862fa4,5,1,1,N=5 M=1 t1,5,True,6,3,25223.0,1.0,3.0,6.0,25888.0,,25223.0
44a266c4c9912ec34ea7934fbbffae1745ab82df0229f8972440ae3f43862fa4,5,1,1,N=5 M=1 t1,5,True,6,4,57021.0,1.0,3.0,6.0,60353.0,,57021.0
44a266c4c9912ec34ea7934fbbffae1745ab82df0229f8972440ae3f43862fa4,5,1,1,N=5 M=1 t1,5,True,6,5,61868.0,1.0,4.0,8.0,63790.0,,76650.0
44a266c4c9912ec34ea7934fbbffae1745ab82df0229f8972440ae3f43862fa4,5,1,1,N=5 M=1 t1,5,True,6,6,115674.0,1.0,5.0,9.0,117361.0,,116387.0
44a266c4c9912ec34ea7934fbbffae1745ab82df0229f8972440ae3f43862fa4,5,2,1,N=5 M=2 t1,7,True,0,0,,,,,,,
44a266c4c9912ec34ea7934fbbffae1745ab82df0229f8972440ae3f43862fa4,5,3,1,N=5 M=3 t1,8,True,8,1,224.0,1.0,2.0,4.0,926.0,,224.0
44a266c4c9912ec34ea7934fbbffae1745ab82df0229f8972440ae3f43862fa4,5,3,1,N=5 M=3 t1,8,True,8,2,2395.0,1.0,3.0,6.0,50703.0,,6385.0
44a266c4c9912ec34ea7934fbbffae1745ab82df0229f8972440ae3f43862fa4,5,3,1,N=5 M=3 t1,8,True,8,3,8809.0,1.0,5.0,9.0,13273.0,,8809.0
44a266c4c9912ec34ea7934fbbffae1745ab82df0229f8972440ae3f43862fa4,5,3,1,N=5 M=3 t1,8,True,8,4,9245.0,2.0,4.0,8.0,15367.0,,9245.0
44a266c4c9912ec34ea7934fbbffae1745ab82df0229f8972440ae3f43862fa4,5,3,1,N=5 M=3 t1,8,True,8,5,49399.0,1.0,4.0,8.0,50703.0,,51197.0
44a266c4c9912ec34ea7934fbbffae1745ab82df0229f8972440ae3f43862fa4,5,3,1,N=5 M=3 t1,8,True,8,6,55962.0,1.0,4.0,8.0,57231.0,,55962.0
44a266c4c9912ec34ea7934fbbffae1745ab82df0229f8972440ae3f43862fa4,5,3,1,N=5 M=3 t1,8,True,8,7,58659.0,1.0,3.0,6.0,59573.0,,60353.0
44a266c4c9912ec34ea7934fbbffae1745ab82df0229f8972440ae3f43862fa4,5,3,1,N=5 M=3 t1,8,True,8,8,59815.0,1.0,4.0,8.0,60611.0,,59815.0
44a266c4c9912ec34ea7934fbbffae1745ab82df0229f8972440ae3f43862fa4,5,4,1,N=5 M=4 t1,8,True,8,1,2978.0,3.0,4.0,7.0,16477.0,,17676.0
44a266c4c9912ec34ea7934fbbffae1745ab82df0229f8972440ae3f43862fa4,5,4,1,N=5 M=4 t1,8,True,8,2,5899.0,1.0,1.0,2.0,6653.0,,7031.0
44a266c4c9912ec34ea7934fbbffae1745ab82df0229f8972440ae3f43862fa4,5,4,1,N=5 M=4 t1,8,True,8,3,8736.0,2.0,4.0,6.0,9809.0,,8736.0
44a266c4c9912ec34ea7934fbbffae1745ab82df0229f8972440ae3f43862fa4,5,4,1,N=5 M=4 t1,8,True,8,4,9488.0,3.0,4.0,7.0,16477.0,,17676.0
44a266c4c9912ec34ea7934fbbffae1745ab82df0229f8972440ae3f43862fa4,5,4,1,N=5 M=4 t1,8,True,8,5,14173.0,2.0,3.0,6.0,15204.0,,25713.0
44a266c4c9912ec34ea7934fbbffae1745ab82df0229f8972440ae3f43862fa4,5,4,1,N=5 M=4 t1,8,True,8,6,14565.0,2.0,5.0,9.0,16477.0,,17676.0
44a266c4c9912ec34ea7934fbbffae1745ab82df0229f8972440ae3f43862fa4,5,4,1,N=5 M=4 t1,8,True,8,7,35165.0,1.0,4.0,8.0,36521.0,,35165.0
44a266c4c9912ec34ea7934fbbffae1745ab82df0229f8972440ae3f43862fa4,5,4,1,N=5 M=4 t1,8,True,8,8,51784.0,1.0,4.0,8.0,53634.0,,56278.0
44a266c4c9912ec34ea7934fbbffae1745ab82df0229f8972440ae3f43862fa4,6,1,1,N=6 M=1 t1,5,True,5,1,17843.0,1.0,3.0,5.0,18523.0,,17843.0
44a266c4c9912ec34ea7934fbbffae1745ab82df0229f8972440ae3f43862fa4,6,1,1,N=6 M=1 t1,5,True,5,2,19258.0,1.0,3.0,6.0,20102.0,,23384.0
44a266c4c9912ec34ea7934fbbffae1745ab82df0229f8972440ae3f43862fa4,6,1,1,N=6 M=1 t1,5,True,5,3,40440.0,1.0,3.0,5.0,41076.0,,40440.0
44a266c4c9912ec34ea7934fbbffae1745ab82df0229f8972440ae3f43862fa4,6,1,1,N=6 M=1 t1,5,True,5,4,41706.0,1.0,3.0,6.0,42788.0,,41706.0
44a266c4c9912ec34ea7934fbbffae1745ab82df0229f8972440ae3f43862fa4,6,1,1,N=6 M=1 t1,5,True,5,5,43986.0,1.0,4.0,8.0,46021.0,,48856.0
44a266c4c9912ec34ea7934fbbffae1745ab82df0229f8972440ae3f43862fa4,6,2,1,N=6 M=2 t1,8,True,8,1,1564.0,2.0,3.0,5.0,59143.0,,6449.0
44a266c4c9912ec34ea7934fbbffae1745ab82df0229f8972440ae3f43862fa4,6,2,1,N=6 M=2 t1,8,True,8,2,2853.0,2.0,3.0,6.0,3920.0,,2853.0
44a266c4c9912ec34ea7934fbbffae1745ab82df0229f8972440ae3f43862fa4,6,2,1,N=6 M=2 t1,8,True,8,3,6032.0,2.0,5.0,9.0,6945.0,7490.0,8130.0
44a266c4c9912ec34ea7934fbbffae1745ab82df0229f8972440ae3f43862fa4,6,2,1,N=6 M=2 t1,8,True,8,4,9727.0,2.0,6.0,11.0,,,
44a266c4c9912ec34ea7934fbbffae1745ab82df0229f8972440ae3f43862fa4,6,2,1,N=6 M=2 t1,8,True,8,5,17099.0,2.0,6.0,11.0,18802.0,,17099.0
44a266c4c9912ec34ea7934fbbffae1745ab82df0229f8972440ae3f43862fa4,6,2,1,N=6 M=2 t1,8,True,8,6,23038.0,1.0,5.0,10.0,23947.0,,23038.0
44a266c4c9912ec34ea7934fbbffae1745ab82df0229f8972440ae3f43862fa4,6,2,1,N=6 M=2 t1,8,True,8,7,57378.0,1.0,5.0,10.0,59143.0,,60229.0
44a266c4c9912ec34ea7934fbbffae1745ab82df0229f8972440ae3f43862fa4,6,2,1,N=6 M=2 t1,8,True,8,8,104969.0,1.0,5.0,10.0,106213.0,,104969.0
44a266c4c9912ec34ea7934fbbffae1745ab82df0229f8972440ae3f43862fa4,6,3,1,N=6 M=3 t1,10,True,10,1,944.0,2.0,1.0,2.0,43938.0,,5825.0
44a266c4c9912ec34ea7934fbbffae1745ab82df0229f8972440ae3f43862fa4,6,3,1,N=6 M=3 t1,10,True,10,2,13373.0,3.0,4.0,6.0,14112.0,,13373.0
44a266c4c9912ec34ea7934fbbffae1745ab82df0229f8972440ae3f43862fa4,6,3,1,N=6 M=3 t1,10,True,10,3,13606.0,3.0,5.0,8.0,,,
44a266c4c9912ec34ea7934fbbffae1745ab82df0229f8972440ae3f43862fa4,6,3,1,N=6 M=3 t1,10,True,10,4,14453.0,2.0,5.0,8.0,18937.0,,14453.0
44a266c4c9912ec34ea7934fbbffae1745ab82df0229f8972440ae3f43862fa4,6,3,1,N=6 M=3 t1,10,True,10,5,19995.0,1.0,5.0,8.0,20974.0,,22143.0
44a266c4c9912ec34ea7934fbbffae1745ab82df0229f8972440ae3f43862fa4,6,3,1,N=6 M=3 t1,10,True,10,6,20460.0,2.0,4.0,8.0,21198.0,,20460.0
44a266c4c9912ec34ea7934fbbffae1745ab82df0229f8972440ae3f43862fa4,6,3,1,N=6 M=3 t1,10,True,10,7,26000.0,1.0,5.0,10.0,27870.0,,30701.0
44a266c4c9912ec34ea7934fbbffae1745ab82df0229f8972440ae3f43862fa4,6,3,1,N=6 M=3 t1,10,True,10,8,43108.0,1.0,5.0,10.0,43938.0,,44880.0
44a266c4c9912ec34ea7934fbbffae1745ab82df0229f8972440ae3f43862fa4,6,3,1,N=6 M=3 t1,10,True,10,9,73116.0,1.0,5.0,10.0,74047.0,,73116.0
44a266c4c9912ec34ea7934fbbffae1745ab82df0229f8972440ae3f43862fa4,6,3,1,N=6 M=3 t1,10,True,10,10,86732.0,1.0,5.0,10.0,87655.0,,88432.0
44a266c4c9912ec34ea7934fbbffae1745ab82df0229f8972440ae3f43862fa4,6,4,1,N=6 M=4 t1,9,True,9,1,164.0,3.0,3.0,5.0,47825.0,,4897.0
44a266c4c9912ec34ea7934fbbffae1745ab82df0229f8972440ae3f43862fa4,6,4,1,N=6 M=4 t1,9,True,9,2,5112.0,1.0,2.0,3.0,6548.0,,9910.0
44a266c4c9912ec34ea7934fbbffae1745ab82df0229f8972440ae3f43862fa4,6,4,1,N=6 M=4 t1,9,True,9,3,5159.0,2.0,2.0,4.0,7901.0,,5159.0
44a266c4c9912ec34ea7934fbbffae1745ab82df0229f8972440ae3f43862fa4,6,4,1,N=6 M=4 t1,9,True,9,4,6193.0,3.0,3.0,6.0,7244.0,,7958.0
44a266c4c9912ec34ea7934fbbffae1745ab82df0229f8972440ae3f43862fa4,6,4,1,N=6 M=4 t1,9,True,9,5,9800.0,1.0,5.0,9.0,11370.0,,13536.0
44a266c4c9912ec34ea7934fbbffae1745ab82df0229f8972440ae3f43862fa4,6,4,1,N=6 M=4 t1,9,True,9,6,12153.0,1.0,6.0,11.0,13002.0,,27105.0
44a266c4c9912ec34ea7934fbbffae1745ab82df0229f8972440ae3f43862fa4,6,4,1,N=6 M=4 t1,9,True,9,7,46991.0,1.0,5.0,10.0,47825.0,,68726.0
44a266c4c9912ec34ea7934fbbffae1745ab82df0229f8972440ae3f43862fa4,6,4,1,N=6 M=4 t1,9,True,9,8,59925.0,1.0,5.0,10.0,61279.0,,63097.0
44a266c4c9912ec34ea7934fbbffae1745ab82df0229f8972440ae3f43862fa4,6,4,1,N=6 M=4 t1,9,True,9,9,106165.0,1.0,5.0,10.0,107098.0,,106165.0
44a266c4c9912ec34ea7934fbbffae1745ab82df0229f8972440ae3f43862fa4,6,5,1,N=6 M=5 t1,8,True,8,1,2921.0,1.0,1.0,2.0,4443.0,,
44a266c4c9912ec34ea7934fbbffae1745ab82df0229f8972440ae3f43862fa4,6,5,1,N=6 M=5 t1,8,True,8,2,4713.0,3.0,2.0,4.0,,,
44a266c4c9912ec34ea7934fbbffae1745ab82df0229f8972440ae3f43862fa4,6,5,1,N=6 M=5 t1,8,True,8,3,6196.0,3.0,4.0,7.0,6953.0,,6196.0
44a266c4c9912ec34ea7934fbbffae1745ab82df0229f8972440ae3f43862fa4,6,5,1,N=6 M=5 t1,8,True,8,4,8055.0,2.0,3.0,6.0,8868.0,,8055.0
44a266c4c9912ec34ea7934fbbffae1745ab82df0229f8972440ae3f43862fa4,6,5,1,N=6 M=5 t1,8,True,8,5,8096.0,2.0,4.0,8.0,,,
44a266c4c9912ec34ea7934fbbffae1745ab82df0229f8972440ae3f43862fa4,6,5,1,N=6 M=5 t1,8,True,8,6,8848.0,1.0,6.0,10.0,10293.0,,9442.0
44a266c4c9912ec34ea7934fbbffae1745ab82df0229f8972440ae3f43862fa4,6,5,1,N=6 M=5 t1,8,True,8,7,56478.0,1.0,5.0,9.0,,,
44a266c4c9912ec34ea7934fbbffae1745ab82df0229f8972440ae3f43862fa4,6,5,1,N=6 M=5 t1,8,True,8,8,102710.0,1.0,5.0,9.0,,,
929a022c32a603e468f7e8d6f049c13afafcedfd8bc87530ce14862acf478208,2,1,1,N=2 M=1 t1,1,True,0,0,,,,,,,
929a022c32a603e468f7e8d6f049c13afafcedfd8bc87530ce14862acf478208,3,1,1,N=3 M=1 t1,2,True,2,1,2870.0,1.0,2.0,3.0,3682.0,,2870.0
929a022c32a603e468f7e8d6f049c13afafcedfd8bc87530ce14862acf478208,3,1,1,N=3 M=1 t1,2,True,2,2,10850.0,1.0,3.0,5.0,11619.0,,19249.0
929a022c32a603e468f7e8d6f049c13afafcedfd8bc87530ce14862acf478208,3,2,1,N=3 M=2 t1,1,True,1,1,41465.0,1.0,2.0,4.0,42095.0,,42900.0
929a022c32a603e468f7e8d6f049c13afafcedfd8bc87530ce14862acf478208,4,1,1,N=4 M=1 t1,5,True,5,1,1653.0,1.0,3.0,4.0,2455.0,,3999.0
929a022c32a603e468f7e8d6f049c13afafcedfd8bc87530ce14862acf478208,4,1,1,N=4 M=1 t1,5,True,5,2,4393.0,1.0,4.0,6.0,5003.0,,24134.0
929a022c32a603e468f7e8d6f049c13afafcedfd8bc87530ce14862acf478208,4,1,1,N=4 M=1 t1,5,True,5,3,8466.0,1.0,4.0,7.0,9265.0,,8466.0
929a022c32a603e468f7e8d6f049c13afafcedfd8bc87530ce14862acf478208,4,1,1,N=4 M=1 t1,5,True,5,4,49760.0,1.0,3.0,6.0,50372.0,,53946.0
929a022c32a603e468f7e8d6f049c13afafcedfd8bc87530ce14862acf478208,4,1,1,N=4 M=1 t1,5,True,5,5,93033.0,1.0,3.0,6.0,105560.0,,
929a022c32a603e468f7e8d6f049c13afafcedfd8bc87530ce14862acf478208,4,2,1,N=4 M=2 t1,5,True,5,1,1689.0,1.0,2.0,4.0,3626.0,,1689.0
929a022c32a603e468f7e8d6f049c13afafcedfd8bc87530ce14862acf478208,4,2,1,N=4 M=2 t1,5,True,5,2,3467.0,2.0,3.0,6.0,5283.0,,3467.0
929a022c32a603e468f7e8d6f049c13afafcedfd8bc87530ce14862acf478208,4,2,1,N=4 M=2 t1,5,True,5,3,42630.0,1.0,3.0,6.0,43419.0,,46953.0
929a022c32a603e468f7e8d6f049c13afafcedfd8bc87530ce14862acf478208,4,2,1,N=4 M=2 t1,5,True,5,4,46542.0,1.0,3.0,6.0,47335.0,,49544.0
929a022c32a603e468f7e8d6f049c13afafcedfd8bc87530ce14862acf478208,4,2,1,N=4 M=2 t1,5,True,5,5,89286.0,1.0,4.0,7.0,90332.0,,89286.0
929a022c32a603e468f7e8d6f049c13afafcedfd8bc87530ce14862acf478208,4,3,1,N=4 M=3 t1,6,True,6,1,5948.0,2.0,3.0,5.0,6612.0,,23301.0
929a022c32a603e468f7e8d6f049c13afafcedfd8bc87530ce14862acf478208,4,3,1,N=4 M=3 t1,6,True,6,2,14027.0,2.0,6.0,9.0,15369.0,,15371.0
929a022c32a603e468f7e8d6f049c13afafcedfd8bc87530ce14862acf478208,4,3,1,N=4 M=3 t1,6,True,6,3,22864.0,1.0,5.0,8.0,23962.0,,46431.0
929a022c32a603e468f7e8d6f049c13afafcedfd8bc87530ce14862acf478208,4,3,1,N=4 M=3 t1,6,True,6,4,38581.0,1.0,4.0,7.0,39412.0,,46431.0
929a022c32a603e468f7e8d6f049c13afafcedfd8bc87530ce14862acf478208,4,3,1,N=4 M=3 t1,6,True,6,5,59948.0,1.0,4.0,7.0,60750.0,,63583.0
929a022c32a603e468f7e8d6f049c13afafcedfd8bc87530ce14862acf478208,4,3,1,N=4 M=3 t1,6,True,6,6,108520.0,1.0,4.0,7.0,110444.0,,108520.0
929a022c32a603e468f7e8d6f049c13afafcedfd8bc87530ce14862acf478208,5,1,1,N=5 M=1 t1,6,True,6,1,284.0,1.0,3.0,5.0,2202.0,,284.0
929a022c32a603e468f7e8d6f049c13afafcedfd8bc87530ce14862acf478208,5,1,1,N=5 M=1 t1,6,True,6,2,4280.0,1.0,4.0,7.0,5202.0,,6069.0
929a022c32a603e468f7e8d6f049c13afafcedfd8bc87530ce14862acf478208,5,1,1,N=5 M=1 t1,6,True,6,3,18642.0,1.0,5.0,8.0,20271.0,,18642.0
929a022c32a603e468f7e8d6f049c13afafcedfd8bc87530ce14862acf478208,5,1,1,N=5 M=1 t1,6,True,6,4,49234.0,1.0,4.0,7.0,50045.0,,49234.0
929a022c32a603e468f7e8d6f049c13afafcedfd8bc87530ce14862acf478208,5,1,1,N=5 M=1 t1,6,True,6,5,55558.0,1.0,5.0,9.0,56895.0,,60263.0
929a022c32a603e468f7e8d6f049c13afafcedfd8bc87530ce14862acf478208,5,1,1,N=5 M=1 t1,6,True,6,6,90794.0,1.0,5.0,9.0,91563.0,,95313.0
929a022c32a603e468f7e8d6f049c13afafcedfd8bc87530ce14862acf478208,5,2,1,N=5 M=2 t1,6,True,6,1,1444.0,1.0,3.0,6.0,2351.0,,1444.0
929a022c32a603e468f7e8d6f049c13afafcedfd8bc87530ce14862acf478208,5,2,1,N=5 M=2 t1,6,True,6,2,5901.0,1.0,4.0,8.0,6993.0,,5901.0
929a022c32a603e468f7e8d6f049c13afafcedfd8bc87530ce14862acf478208,5,2,1,N=5 M=2 t1,6,True,6,3,44544.0,1.0,3.0,6.0,47059.0,,48120.0
929a022c32a603e468f7e8d6f049c13afafcedfd8bc87530ce14862acf478208,5,2,1,N=5 M=2 t1,6,True,6,4,49627.0,1.0,3.0,6.0,51125.0,,49627.0
929a022c32a603e468f7e8d6f049c13afafcedfd8bc87530ce14862acf478208,5,2,1,N=5 M=2 t1,6,True,6,5,60252.0,1.0,4.0,8.0,61172.0,,60252.0
929a022c32a603e468f7e8d6f049c13afafcedfd8bc87530ce14862acf478208,5,2,1,N=5 M=2 t1,6,True,6,6,112105.0,1.0,4.0,8.0,113072.0,,112105.0
929a022c32a603e468f7e8d6f049c13afafcedfd8bc87530ce14862acf478208,5,3,1,N=5 M=3 t1,3,True,3,1,3460.0,1.0,4.0,7.0,4450.0,,4563.0
929a022c32a603e468f7e8d6f049c13afafcedfd8bc87530ce14862acf478208,5,3,1,N=5 M=3 t1,3,True,3,2,7483.0,1.0,5.0,9.0,8719.0,,13013.0
929a022c32a603e468f7e8d6f049c13afafcedfd8bc87530ce14862acf478208,5,3,1,N=5 M=3 t1,3,True,3,3,44286.0,1.0,4.0,8.0,44980.0,,48641.0
929a022c32a603e468f7e8d6f049c13afafcedfd8bc87530ce14862acf478208,5,4,1,N=5 M=4 t1,6,True,7,1,4068.0,1.0,3.0,5.0,4933.0,,4068.0
929a022c32a603e468f7e8d6f049c13afafcedfd8bc87530ce14862acf478208,5,4,1,N=5 M=4 t1,6,True,7,2,7871.0,1.0,3.0,6.0,8625.0,,9726.0
929a022c32a603e468f7e8d6f049c13afafcedfd8bc87530ce14862acf478208,5,4,1,N=5 M=4 t1,6,True,7,3,29216.0,1.0,4.0,8.0,30134.0,,29216.0
929a022c32a603e468f7e8d6f049c13afafcedfd8bc87530ce14862acf478208,5,4,1,N=5 M=4 t1,6,True,7,4,52125.0,1.0,4.0,8.0,53075.0,,55621.0
929a022c32a603e468f7e8d6f049c13afafcedfd8bc87530ce14862acf478208,5,4,1,N=5 M=4 t1,6,True,7,5,72274.0,1.0,4.0,8.0,74575.0,,80087.0
929a022c32a603e468f7e8d6f049c13afafcedfd8bc87530ce14862acf478208,5,4,1,N=5 M=4 t1,6,True,7,6,97393.0,1.0,4.0,8.0,98072.0,,99987.0
929a022c32a603e468f7e8d6f049c13afafcedfd8bc87530ce14862acf478208,5,4,1,N=5 M=4 t1,6,True,7,7,119440.0,1.0,5.0,9.0,,,119440.0
929a022c32a603e468f7e8d6f049c13afafcedfd8bc87530ce14862acf478208,6,1,1,N=6 M=1 t1,5,True,5,1,17499.0,1.0,4.0,6.0,18683.0,,22538.0
929a022c32a603e468f7e8d6f049c13afafcedfd8bc87530ce14862acf478208,6,1,1,N=6 M=1 t1,5,True,5,2,19701.0,1.0,3.0,6.0,21622.0,,19701.0
929a022c32a603e468f7e8d6f049c13afafcedfd8bc87530ce14862acf478208,6,1,1,N=6 M=1 t1,5,True,5,3,22070.0,1.0,4.0,8.0,22820.0,23063.0,26505.0
929a022c32a603e468f7e8d6f049c13afafcedfd8bc87530ce14862acf478208,6,1,1,N=6 M=1 t1,5,True,5,4,26481.0,1.0,5.0,10.0,27240.0,,42758.0
929a022c32a603e468f7e8d6f049c13afafcedfd8bc87530ce14862acf478208,6,1,1,N=6 M=1 t1,5,True,5,5,63307.0,1.0,5.0,10.0,63973.0,,65189.0
929a022c32a603e468f7e8d6f049c13afafcedfd8bc87530ce14862acf478208,6,2,1,N=6 M=2 t1,6,True,6,1,1168.0,2.0,3.0,5.0,4371.0,,1168.0
929a022c32a603e468f7e8d6f049c13afafcedfd8bc87530ce14862acf478208,6,2,1,N=6 M=2 t1,6,True,6,2,5528.0,1.0,4.0,7.0,6455.0,,23782.0
929a022c32a603e468f7e8d6f049c13afafcedfd8bc87530ce14862acf478208,6,2,1,N=6 M=2 t1,6,True,6,3,9822.0,1.0,5.0,9.0,11302.0,,14158.0
929a022c32a603e468f7e8d6f049c13afafcedfd8bc87530ce14862acf478208,6,2,1,N=6 M=2 t1,6,True,6,4,14302.0,1.0,5.0,9.0,15097.0,,28080.0
929a022c32a603e468f7e8d6f049c13afafcedfd8bc87530ce14862acf478208,6,2,1,N=6 M=2 t1,6,True,6,5,59099.0,1.0,5.0,9.0,60262.0,,59099.0
929a022c32a603e468f7e8d6f049c13afafcedfd8bc87530ce14862acf478208,6,2,1,N=6 M=2 t1,6,True,6,6,102606.0,1.0,5.0,9.0,103663.0,,106159.0
929a022c32a603e468f7e8d6f049c13afafcedfd8bc87530ce14862acf478208,6,3,1,N=6 M=3 t1,6,True,0,0,,,,,,,
929a022c32a603e468f7e8d6f049c13afafcedfd8bc87530ce14862acf478208,6,4,1,N=6 M=4 t1,5,True,5,1,6756.0,1.0,3.0,5.0,7494.0,,19569.0
929a022c32a603e468f7e8d6f049c13afafcedfd8bc87530ce14862acf478208,6,4,1,N=6 M=4 t1,5,True,5,2,11428.0,2.0,5.0,8.0,13683.0,,11428.0
929a022c32a603e468f7e8d6f049c13afafcedfd8bc87530ce14862acf478208,6,4,1,N=6 M=4 t1,5,True,5,3,16093.0,1.0,6.0,10.0,17413.0,,27732.0
929a022c32a603e468f7e8d6f049c13afafcedfd8bc87530ce14862acf478208,6,4,1,N=6 M=4 t1,5,True,5,4,61396.0,1.0,4.0,8.0,63320.0,,61396.0
929a022c32a603e468f7e8d6f049c13afafcedfd8bc87530ce14862acf478208,6,4,1,N=6 M=4 t1,5,True,5,5,103067.0,1.0,4.0,8.0,103716.0,,107091.0
929a022c32a603e468f7e8d6f049c13afafcedfd8bc87530ce14862acf478208,6,5,1,N=6 M=5 t1,6,True,6,1,4494.0,1.0,2.0,4.0,,,4494.0
929a022c32a603e468f7e8d6f049c13afafcedfd8bc87530ce14862acf478208,6,5,1,N=6 M=5 t1,6,True,6,2,5474.0,2.0,3.0,6.0,6216.0,,10075.0
929a022c32a603e468f7e8d6f049c13afafcedfd8bc87530ce14862acf478208,6,5,1,N=6 M=5 t1,6,True,6,3,8788.0,3.0,5.0,9.0,9748.0,,10663.0
929a022c32a603e468f7e8d6f049c13afafcedfd8bc87530ce14862acf478208,6,5,1,N=6 M=5 t1,6,True,6,4,9034.0,3.0,6.0,11.0,9834.0,,10607.0
929a022c32a603e468f7e8d6f049c13afafcedfd8bc87530ce14862acf478208,6,5,1,N=6 M=5 t1,6,True,6,5,51486.0,1.0,4.0,8.0,80153.0,,83477.0
929a022c32a603e468f7e8d6f049c13afafcedfd8bc87530ce14862acf478208,6,5,1,N=6 M=5 t1,6,True,6,6,79511.0,1.0,4.0,8.0,80153.0,,83477.0
b7d04acb9336998acae81afd20b42895b035f3fea83f1e2dd73d0f54799e7997,2,1,1,N=2 M=1 t1,0,False,0,0,,,,,,,
b7d04acb9336998acae81afd20b42895b035f3fea83f1e2dd73d0f54799e7997,3,1,1,N=3 M=1 t1,2,True,2,1,17291.0,1.0,3.0,4.0,18304.0,,17291.0
b7d04acb9336998acae81afd20b42895b035f3fea83f1e2dd73d0f54799e7997,3,1,1,N=3 M=1 t1,2,True,2,2,18566.0,1.0,2.0,4.0,19409.0,,18566.0
b7d04acb9336998acae81afd20b42895b035f3fea83f1e2dd73d0f54799e7997,3,2,1,N=3 M=2 t1,1,True,0,0,,,,,,,
b7d04acb9336998acae81afd20b42895b035f3fea83f1e2dd73d0f54799e7997,4,1,1,N=4 M=1 t1,5,True,5,1,331.0,2.0,2.0,4.0,10699.0,,20495.0
b7d04acb9336998acae81afd20b42895b035f3fea83f1e2dd73d0f54799e7997,4,1,1,N=4 M=1 t1,5,True,5,2,4799.0,1.0,1.0,2.0,6603.0,,8517.0
b7d04acb9336998acae81afd20b42895b035f3fea83f1e2dd73d0f54799e7997,4,1,1,N=4 M=1 t1,5,True,5,3,7294.0,1.0,2.0,4.0,8398.0,,9387.0
b7d04acb9336998acae81afd20b42895b035f3fea83f1e2dd73d0f54799e7997,4,1,1,N=4 M=1 t1,5,True,5,4,9919.0,1.0,3.0,6.0,10699.0,,20495.0
b7d04acb9336998acae81afd20b42895b035f3fea83f1e2dd73d0f54799e7997,4,1,1,N=4 M=1 t1,5,True,5,5,53661.0,1.0,3.0,6.0,54215.0,,53661.0
b7d04acb9336998acae81afd20b42895b035f3fea83f1e2dd73d0f54799e7997,4,2,1,N=4 M=2 t1,7,True,8,1,575.0,1.0,1.0,3.0,1698.0,,3694.0
b7d04acb9336998acae81afd20b42895b035f3fea83f1e2dd73d0f54799e7997,4,2,1,N=4 M=2 t1,7,True,8,2,1940.0,1.0,3.0,6.0,3190.0,,4019.0
b7d04acb9336998acae81afd20b42895b035f3fea83f1e2dd73d0f54799e7997,4,2,1,N=4 M=2 t1,7,True,8,3,46601.0,1.0,3.0,6.0,47143.0,,46601.0
b7d04acb9336998acae81afd20b42895b035f3fea83f1e2dd73d0f54799e7997,4,2,1,N=4 M=2 t1,7,True,8,4,61129.0,1.0,3.0,6.0,61909.0,,61129.0
b7d04acb9336998acae81afd20b42895b035f3fea83f1e2dd73d0f54799e7997,4,2,1,N=4 M=2 t1,7,True,8,5,71734.0,1.0,3.0,6.0,72524.0,,71734.0
b7d04acb9336998acae81afd20b42895b035f3fea83f1e2dd73d0f54799e7997,4,2,1,N=4 M=2 t1,7,True,8,6,85304.0,1.0,3.0,6.0,89354.0,,90425.0
b7d04acb9336998acae81afd20b42895b035f3fea83f1e2dd73d0f54799e7997,4,2,1,N=4 M=2 t1,7,True,8,7,94669.0,1.0,3.0,6.0,95673.0,,94669.0
b7d04acb9336998acae81afd20b42895b035f3fea83f1e2dd73d0f54799e7997,4,2,1,N=4 M=2 t1,7,True,8,8,119665.0,1.0,3.0,6.0,,,119665.0
b7d04acb9336998acae81afd20b42895b035f3fea83f1e2dd73d0f54799e7997,4,3,1,N=4 M=3 t1,7,True,8,1,305.0,1.0,3.0,4.0,1349.0,,2198.0
b7d04acb9336998acae81afd20b42895b035f3fea83f1e2dd73d0f54799e7997,4,3,1,N=4 M=3 t1,7,True,8,2,3586.0,2.0,3.0,5.0,,,
b7d04acb9336998acae81afd20b42895b035f3fea83f1e2dd73d0f54799e7997,4,3,1,N=4 M=3 t1,7,True,8,3,8925.0,2.0,4.0,7.0,,,
b7d04acb9336998acae81afd20b42895b035f3fea83f1e2dd73d0f54799e7997,4,3,1,N=4 M=3 t1,7,True,8,4,21269.0,2.0,5.0,8.0,,,
b7d04acb9336998acae81afd20b42895b035f3fea83f1e2dd73d0f54799e7997,4,3,1,N=4 M=3 t1,7,True,8,5,22640.0,2.0,4.0,7.0,23433.0,,22640.0
b7d04acb9336998acae81afd20b42895b035f3fea83f1e2dd73d0f54799e7997,4,3,1,N=4 M=3 t1,7,True,8,6,33747.0,1.0,3.0,6.0,34688.0,,36133.0
b7d04acb9336998acae81afd20b42895b035f3fea83f1e2dd73d0f54799e7997,4,3,1,N=4 M=3 t1,7,True,8,7,79958.0,1.0,3.0,6.0,81117.0,,79958.0
b7d04acb9336998acae81afd20b42895b035f3fea83f1e2dd73d0f54799e7997,4,3,1,N=4 M=3 t1,7,True,8,8,117203.0,1.0,4.0,8.0,118028.0,,
b7d04acb9336998acae81afd20b42895b035f3fea83f1e2dd73d0f54799e7997,5,1,1,N=5 M=1 t1,10,True,11,1,35.0,3.0,2.0,4.0,802.0,,1626.0
b7d04acb9336998acae81afd20b42895b035f3fea83f1e2dd73d0f54799e7997,5,1,1,N=5 M=1 t1,10,True,11,2,203.0,2.0,3.0,6.0,1575.0,,10689.0
b7d04acb9336998acae81afd20b42895b035f3fea83f1e2dd73d0f54799e7997,5,1,1,N=5 M=1 t1,10,True,11,3,4012.0,1.0,4.0,8.0,4881.0,,25822.0
b7d04acb9336998acae81afd20b42895b035f3fea83f1e2dd73d0f54799e7997,5,1,1,N=5 M=1 t1,10,True,11,4,10457.0,1.0,4.0,7.0,46792.0,,10689.0
b7d04acb9336998acae81afd20b42895b035f3fea83f1e2dd73d0f54799e7997,5,1,1,N=5 M=1 t1,10,True,11,5,10809.0,1.0,4.0,7.0,11925.0,,10809.0
b7d04acb9336998acae81afd20b42895b035f3fea83f1e2dd73d0f54799e7997,5,1,1,N=5 M=1 t1,10,True,11,6,17473.0,1.0,3.0,7.0,18691.0,,20179.0
b7d04acb9336998acae81afd20b42895b035f3fea83f1e2dd73d0f54799e7997,5,1,1,N=5 M=1 t1,10,True,11,7,45398.0,1.0,3.0,6.0,46792.0,,48168.0
b7d04acb9336998acae81afd20b42895b035f3fea83f1e2dd73d0f54799e7997,5,1,1,N=5 M=1 t1,10,True,11,8,47754.0,1.0,4.0,8.0,49056.0,,49974.0
b7d04acb9336998acae81afd20b42895b035f3fea83f1e2dd73d0f54799e7997,5,1,1,N=5 M=1 t1,10,True,11,9,94763.0,1.0,3.0,6.0,95412.0,,94763.0
b7d04acb9336998acae81afd20b42895b035f3fea83f1e2dd73d0f54799e7997,5,1,1,N=5 M=1 t1,10,True,11,10,96468.0,1.0,5.0,9.0,98390.0,,96579.0
b7d04acb9336998acae81afd20b42895b035f3fea83f1e2dd73d0f54799e7997,5,1,1,N=5 M=1 t1,10,True,11,11,115499.0,1.0,4.0,8.0,116419.0,,116677.0
b7d04acb9336998acae81afd20b42895b035f3fea83f1e2dd73d0f54799e7997,5,2,1,N=5 M=2 t1,3,True,3,1,4858.0,1.0,5.0,8.0,6214.0,,25146.0
b7d04acb9336998acae81afd20b42895b035f3fea83f1e2dd73d0f54799e7997,5,2,1,N=5 M=2 t1,3,True,3,2,5905.0,2.0,6.0,10.0,6797.0,,7590.0
b7d04acb9336998acae81afd20b42895b035f3fea83f1e2dd73d0f54799e7997,5,2,1,N=5 M=2 t1,3,True,3,3,48477.0,1.0,4.0,8.0,49612.0,,51076.0
b7d04acb9336998acae81afd20b42895b035f3fea83f1e2dd73d0f54799e7997,5,3,1,N=5 M=3 t1,5,True,5,1,220.0,2.0,4.0,7.0,,,
b7d04acb9336998acae81afd20b42895b035f3fea83f1e2dd73d0f54799e7997,5,3,1,N=5 M=3 t1,5,True,5,2,961.0,2.0,5.0,9.0,10371.0,,12154.0
b7d04acb9336998acae81afd20b42895b035f3fea83f1e2dd73d0f54799e7997,5,3,1,N=5 M=3 t1,5,True,5,3,8608.0,1.0,5.0,9.0,10371.0,,12154.0
b7d04acb9336998acae81afd20b42895b035f3fea83f1e2dd73d0f54799e7997,5,3,1,N=5 M=3 t1,5,True,5,4,20210.0,1.0,5.0,9.0,21287.0,,20210.0
b7d04acb9336998acae81afd20b42895b035f3fea83f1e2dd73d0f54799e7997,5,3,1,N=5 M=3 t1,5,True,5,5,59584.0,1.0,5.0,9.0,60398.0,,59584.0
b7d04acb9336998acae81afd20b42895b035f3fea83f1e2dd73d0f54799e7997,5,4,1,N=5 M=4 t1,15,True,15,1,45.0,3.0,2.0,4.0,11562.0,,13195.0
b7d04acb9336998acae81afd20b42895b035f3fea83f1e2dd73d0f54799e7997,5,4,1,N=5 M=4 t1,15,True,15,2,105.0,3.0,2.0,5.0,,,
b7d04acb9336998acae81afd20b42895b035f3fea83f1e2dd73d0f54799e7997,5,4,1,N=5 M=4 t1,15,True,15,3,4579.0,1.0,4.0,6.0,5299.0,,6137.0
b7d04acb9336998acae81afd20b42895b035f3fea83f1e2dd73d0f54799e7997,5,4,1,N=5 M=4 t1,15,True,15,4,6855.0,1.0,4.0,7.0,7169.0,,6855.0
b7d04acb9336998acae81afd20b42895b035f3fea83f1e2dd73d0f54799e7997,5,4,1,N=5 M=4 t1,15,True,15,5,9983.0,1.0,4.0,8.0,11562.0,,13195.0
b7d04acb9336998acae81afd20b42895b035f3fea83f1e2dd73d0f54799e7997,5,4,1,N=5 M=4 t1,15,True,15,6,33374.0,1.0,4.0,8.0,51872.0,,33374.0
b7d04acb9336998acae81afd20b42895b035f3fea83f1e2dd73d0f54799e7997,5,4,1,N=5 M=4 t1,15,True,15,7,48022.0,1.0,3.0,6.0,51872.0,,48022.0
b7d04acb9336998acae81afd20b42895b035f3fea83f1e2dd73d0f54799e7997,5,4,1,N=5 M=4 t1,15,True,15,8,52550.0,2.0,4.0,6.0,101379.0,,
b7d04acb9336998acae81afd20b42895b035f3fea83f1e2dd73d0f54799e7997,5,4,1,N=5 M=4 t1,15,True,15,9,53576.0,3.0,5.0,8.0,,,
b7d04acb9336998acae81afd20b42895b035f3fea83f1e2dd73d0f54799e7997,5,4,1,N=5 M=4 t1,15,True,15,10,53926.0,3.0,6.0,10.0,55855.0,,53926.0
b7d04acb9336998acae81afd20b42895b035f3fea83f1e2dd73d0f54799e7997,5,4,1,N=5 M=4 t1,15,True,15,11,55566.0,2.0,6.0,9.0,56403.0,,55566.0
b7d04acb9336998acae81afd20b42895b035f3fea83f1e2dd73d0f54799e7997,5,4,1,N=5 M=4 t1,15,True,15,12,61428.0,2.0,3.0,6.0,62409.0,,61428.0
b7d04acb9336998acae81afd20b42895b035f3fea83f1e2dd73d0f54799e7997,5,4,1,N=5 M=4 t1,15,True,15,13,61731.0,2.0,4.0,8.0,101379.0,,
b7d04acb9336998acae81afd20b42895b035f3fea83f1e2dd73d0f54799e7997,5,4,1,N=5 M=4 t1,15,True,15,14,98535.0,1.0,4.0,7.0,100155.0,,98535.0
b7d04acb9336998acae81afd20b42895b035f3fea83f1e2dd73d0f54799e7997,5,4,1,N=5 M=4 t1,15,True,15,15,99910.0,2.0,5.0,9.0,101379.0,,
b7d04acb9336998acae81afd20b42895b035f3fea83f1e2dd73d0f54799e7997,6,1,1,N=6 M=1 t1,7,True,7,1,17248.0,1.0,3.0,4.0,54621.0,,17248.0
b7d04acb9336998acae81afd20b42895b035f3fea83f1e2dd73d0f54799e7997,6,1,1,N=6 M=1 t1,7,True,7,2,18980.0,1.0,2.0,3.0,22654.0,,18980.0
b7d04acb9336998acae81afd20b42895b035f3fea83f1e2dd73d0f54799e7997,6,1,1,N=6 M=1 t1,7,True,7,3,22853.0,1.0,3.0,5.0,23539.0,,22853.0
b7d04acb9336998acae81afd20b42895b035f3fea83f1e2dd73d0f54799e7997,6,1,1,N=6 M=1 t1,7,True,7,4,23685.0,1.0,3.0,6.0,,,23685.0
b7d04acb9336998acae81afd20b42895b035f3fea83f1e2dd73d0f54799e7997,6,1,1,N=6 M=1 t1,7,True,7,5,52163.0,2.0,3.0,6.0,,,
b7d04acb9336998acae81afd20b42895b035f3fea83f1e2dd73d0f54799e7997,6,1,1,N=6 M=1 t1,7,True,7,6,53036.0,2.0,5.0,9.0,,,
b7d04acb9336998acae81afd20b42895b035f3fea83f1e2dd73d0f54799e7997,6,1,1,N=6 M=1 t1,7,True,7,7,53795.0,1.0,5.0,8.0,54621.0,,53795.0
b7d04acb9336998acae81afd20b42895b035f3fea83f1e2dd73d0f54799e7997,6,2,1,N=6 M=2 t1,4,True,4,1,476.0,2.0,3.0,6.0,1260.0,,3885.0
b7d04acb9336998acae81afd20b42895b035f3fea83f1e2dd73d0f54799e7997,6,2,1,N=6 M=2 t1,4,True,4,2,2014.0,1.0,4.0,8.0,2816.0,,3692.0
b7d04acb9336998acae81afd20b42895b035f3fea83f1e2dd73d0f54799e7997,6,2,1,N=6 M=2 t1,4,True,4,3,2576.0,2.0,5.0,10.0,3439.0,,4395.0
b7d04acb9336998acae81afd20b42895b035f3fea83f1e2dd73d0f54799e7997,6,2,1,N=6 M=2 t1,4,True,4,4,11825.0,1.0,5.0,10.0,12695.0,,11825.0
b7d04acb9336998acae81afd20b42895b035f3fea83f1e2dd73d0f54799e7997,6,3,1,N=6 M=3 t1,9,True,9,1,158.0,2.0,2.0,4.0,,,
b7d04acb9336998acae81afd20b42895b035f3fea83f1e2dd73d0f54799e7997,6,3,1,N=6 M=3 t1,9,True,9,2,1765.0,3.0,3.0,6.0,2529.0,,3318.0
b7d04acb9336998acae81afd20b42895b035f3fea83f1e2dd73d0f54799e7997,6,3,1,N=6 M=3 t1,9,True,9,3,4958.0,2.0,2.0,4.0,,,
b7d04acb9336998acae81afd20b42895b035f3fea83f1e2dd73d0f54799e7997,6,3,1,N=6 M=3 t1,9,True,9,4,5561.0,2.0,3.0,6.0,13155.0,,14023.0
b7d04acb9336998acae81afd20b42895b035f3fea83f1e2dd73d0f54799e7997,6,3,1,N=6 M=3 t1,9,True,9,5,6950.0,2.0,4.0,7.0,,,
b7d04acb9336998acae81afd20b42895b035f3fea83f1e2dd73d0f54799e7997,6,3,1,N=6 M=3 t1,9,True,9,6,8118.0,2.0,5.0,9.0,24995.0,,25932.0
b7d04acb9336998acae81afd20b42895b035f3fea83f1e2dd73d0f54799e7997,6,3,1,N=6 M=3 t1,9,True,9,7,11836.0,2.0,5.0,8.0,14138.0,,11836.0
b7d04acb9336998acae81afd20b42895b035f3fea83f1e2dd73d0f54799e7997,6,3,1,N=6 M=3 t1,9,True,9,8,12325.0,2.0,6.0,10.0,13155.0,,14023.0
b7d04acb9336998acae81afd20b42895b035f3fea83f1e2dd73d0f54799e7997,6,3,1,N=6 M=3 t1,9,True,9,9,23475.0,1.0,5.0,10.0,24995.0,,25932.0
b7d04acb9336998acae81afd20b42895b035f3fea83f1e2dd73d0f54799e7997,6,4,1,N=6 M=4 t1,6,True,6,1,1335.0,2.0,2.0,4.0,2106.0,,2801.0
b7d04acb9336998acae81afd20b42895b035f3fea83f1e2dd73d0f54799e7997,6,4,1,N=6 M=4 t1,6,True,6,2,4330.0,2.0,3.0,6.0,5087.0,,5745.0
b7d04acb9336998acae81afd20b42895b035f3fea83f1e2dd73d0f54799e7997,6,4,1,N=6 M=4 t1,6,True,6,3,7377.0,3.0,5.0,9.0,8197.0,,7377.0
b7d04acb9336998acae81afd20b42895b035f3fea83f1e2dd73d0f54799e7997,6,4,1,N=6 M=4 t1,6,True,6,4,18237.0,2.0,7.0,11.0,19778.0,,18237.0
b7d04acb9336998acae81afd20b42895b035f3fea83f1e2dd73d0f54799e7997,6,4,1,N=6 M=4 t1,6,True,6,5,26530.0,1.0,6.0,11.0,27330.0,,26530.0
b7d04acb9336998acae81afd20b42895b035f3fea83f1e2dd73d0f54799e7997,6,4,1,N=6 M=4 t1,6,True,6,6,45266.0,1.0,5.0,10.0,53904.0,,
b7d04acb9336998acae81afd20b42895b035f3fea83f1e2dd73d0f54799e7997,6,5,1,N=6 M=5 t1,8,True,8,1,3328.0,2.0,1.0,2.0,4866.0,,30234.0
b7d04acb9336998acae81afd20b42895b035f3fea83f1e2dd73d0f54799e7997,6,5,1,N=6 M=5 t1,8,True,8,2,4243.0,2.0,2.0,4.0,5089.0,,5779.0
b7d04acb9336998acae81afd20b42895b035f3fea83f1e2dd73d0f54799e7997,6,5,1,N=6 M=5 t1,8,True,8,3,5523.0,1.0,4.0,7.0,6387.0,,8785.0
b7d04acb9336998acae81afd20b42895b035f3fea83f1e2dd73d0f54799e7997,6,5,1,N=6 M=5 t1,8,True,8,4,6217.0,3.0,5.0,9.0,,,
b7d04acb9336998acae81afd20b42895b035f3fea83f1e2dd73d0f54799e7997,6,5,1,N=6 M=5 t1,8,True,8,5,10519.0,2.0,6.0,10.0,,,
b7d04acb9336998acae81afd20b42895b035f3fea83f1e2dd73d0f54799e7997,6,5,1,N=6 M=5 t1,8,True,8,6,11102.0,2.0,6.0,10.0,11924.0,,11102.0
b7d04acb9336998acae81afd20b42895b035f3fea83f1e2dd73d0f54799e7997,6,5,1,N=6 M=5 t1,8,True,8,7,25740.0,2.0,5.0,9.0,26860.0,,25740.0
b7d04acb9336998acae81afd20b42895b035f3fea83f1e2dd73d0f54799e7997,6,5,1,N=6 M=5 t1,8,True,8,8,30833.0,1.0,6.0,11.0,32740.0,,30833.0
be3a5ef56240eb49764a9be72930f5a2fbc0c2fe99dbd04a13a19944a26ec4d8,2,1,1,N=2 M=1 t1,1,True,2,1,3747.0,1.0,2.0,3.0,6561.0,,3747.0
be3a5ef56240eb49764a9be72930f5a2fbc0c2fe99dbd04a13a19944a26ec4d8,2,1,1,N=2 M=1 t1,1,True,2,2,119696.0,1.0,3.0,5.0,,,119696.0
be3a5ef56240eb49764a9be72930f5a2fbc0c2fe99dbd04a13a19944a26ec4d8,3,1,1,N=3 M=1 t1,2,True,2,1,1936.0,1.0,2.0,3.0,3154.0,,3870.0
be3a5ef56240eb49764a9be72930f5a2fbc0c2fe99dbd04a13a19944a26ec4d8,3,1,1,N=3 M=1 t1,2,True,2,2,8351.0,1.0,3.0,5.0,9064.0,,18390.0
be3a5ef56240eb49764a9be72930f5a2fbc0c2fe99dbd04a13a19944a26ec4d8,3,2,1,N=3 M=2 t1,1,True,0,0,,,,,,,
be3a5ef56240eb49764a9be72930f5a2fbc0c2fe99dbd04a13a19944a26ec4d8,4,1,1,N=4 M=1 t1,3,True,3,1,3138.0,1.0,2.0,3.0,4293.0,,3138.0
be3a5ef56240eb49764a9be72930f5a2fbc0c2fe99dbd04a13a19944a26ec4d8,4,1,1,N=4 M=1 t1,3,True,3,2,6218.0,1.0,4.0,6.0,6895.0,,19663.0
be3a5ef56240eb49764a9be72930f5a2fbc0c2fe99dbd04a13a19944a26ec4d8,4,1,1,N=4 M=1 t1,3,True,3,3,7809.0,1.0,4.0,7.0,8762.0,,7809.0
be3a5ef56240eb49764a9be72930f5a2fbc0c2fe99dbd04a13a19944a26ec4d8,4,2,1,N=4 M=2 t1,5,True,6,1,1055.0,1.0,3.0,5.0,2041.0,,1055.0
be3a5ef56240eb49764a9be72930f5a2fbc0c2fe99dbd04a13a19944a26ec4d8,4,2,1,N=4 M=2 t1,5,True,6,2,3279.0,1.0,4.0,7.0,4256.0,,3279.0
be3a5ef56240eb49764a9be72930f5a2fbc0c2fe99dbd04a13a19944a26ec4d8,4,2,1,N=4 M=2 t1,5,True,6,3,24332.0,1.0,4.0,7.0,25100.0,,24332.0
be3a5ef56240eb49764a9be72930f5a2fbc0c2fe99dbd04a13a19944a26ec4d8,4,2,1,N=4 M=2 t1,5,True,6,4,64983.0,1.0,4.0,7.0,65668.0,,66608.0
be3a5ef56240eb49764a9be72930f5a2fbc0c2fe99dbd04a13a19944a26ec4d8,4,2,1,N=4 M=2 t1,5,True,6,5,70571.0,1.0,4.0,7.0,71695.0,,72549.0
be3a5ef56240eb49764a9be72930f5a2fbc0c2fe99dbd04a13a19944a26ec4d8,4,2,1,N=4 M=2 t1,5,True,6,6,117816.0,1.0,4.0,7.0,118590.0,,
be3a5ef56240eb49764a9be72930f5a2fbc0c2fe99dbd04a13a19944a26ec4d8,4,3,1,N=4 M=3 t1,14,True,10,1,2819.0,2.0,4.0,5.0,,,
be3a5ef56240eb49764a9be72930f5a2fbc0c2fe99dbd04a13a19944a26ec4d8,4,3,1,N=4 M=3 t1,14,True,10,2,4169.0,2.0,4.0,6.0,,,
be3a5ef56240eb49764a9be72930f5a2fbc0c2fe99dbd04a13a19944a26ec4d8,4,3,1,N=4 M=3 t1,14,True,10,3,7861.0,3.0,4.0,5.0,,,24152.0
be3a5ef56240eb49764a9be72930f5a2fbc0c2fe99dbd04a13a19944a26ec4d8,4,3,1,N=4 M=3 t1,14,True,10,4,8849.0,3.0,5.0,7.0,,,
be3a5ef56240eb49764a9be72930f5a2fbc0c2fe99dbd04a13a19944a26ec4d8,4,3,1,N=4 M=3 t1,14,True,10,5,9475.0,3.0,7.0,10.0,,,
be3a5ef56240eb49764a9be72930f5a2fbc0c2fe99dbd04a13a19944a26ec4d8,4,3,1,N=4 M=3 t1,14,True,10,6,18671.0,3.0,3.0,4.0,,,
be3a5ef56240eb49764a9be72930f5a2fbc0c2fe99dbd04a13a19944a26ec4d8,4,3,1,N=4 M=3 t1,14,True,10,7,19068.0,3.0,4.0,6.0,,,
be3a5ef56240eb49764a9be72930f5a2fbc0c2fe99dbd04a13a19944a26ec4d8,4,3,1,N=4 M=3 t1,14,True,10,8,19458.0,3.0,5.0,8.0,,,24152.0
be3a5ef56240eb49764a9be72930f5a2fbc0c2fe99dbd04a13a19944a26ec4d8,4,3,1,N=4 M=3 t1,14,True,10,9,24462.0,2.0,5.0,6.0,,,24462.0
be3a5ef56240eb49764a9be72930f5a2fbc0c2fe99dbd04a13a19944a26ec4d8,4,3,1,N=4 M=3 t1,14,True,10,10,27380.0,2.0,4.0,6.0,,,
be3a5ef56240eb49764a9be72930f5a2fbc0c2fe99dbd04a13a19944a26ec4d8,5,1,1,N=5 M=1 t1,7,True,7,1,7398.0,1.0,4.0,6.0,9085.0,,22372.0
be3a5ef56240eb49764a9be72930f5a2fbc0c2fe99dbd04a13a19944a26ec4d8,5,1,1,N=5 M=1 t1,7,True,7,2,10139.0,1.0,5.0,8.0,10946.0,,10139.0
be3a5ef56240eb49764a9be72930f5a2fbc0c2fe99dbd04a13a19944a26ec4d8,5,1,1,N=5 M=1 t1,7,True,7,3,12284.0,1.0,4.0,8.0,13237.0,,12284.0
be3a5ef56240eb49764a9be72930f5a2fbc0c2fe99dbd04a13a19944a26ec4d8,5,1,1,N=5 M=1 t1,7,True,7,4,47076.0,1.0,4.0,8.0,48460.0,,47076.0
be3a5ef56240eb49764a9be72930f5a2fbc0c2fe99dbd04a13a19944a26ec4d8,5,1,1,N=5 M=1 t1,7,True,7,5,76114.0,1.0,4.0,8.0,77021.0,,76114.0
be3a5ef56240eb49764a9be72930f5a2fbc0c2fe99dbd04a13a19944a26ec4d8,5,1,1,N=5 M=1 t1,7,True,7,6,95728.0,1.0,4.0,8.0,,,98476.0
be3a5ef56240eb49764a9be72930f5a2fbc0c2fe99dbd04a13a19944a26ec4d8,5,1,1,N=5 M=1 t1,7,True,7,7,110236.0,1.0,4.0,8.0,111654.0,,110236.0
be3a5ef56240eb49764a9be72930f5a2fbc0c2fe99dbd04a13a19944a26ec4d8,5,2,1,N=5 M=2 t1,4,True,4,1,2952.0,2.0,3.0,5.0,,,
be3a5ef56240eb49764a9be72930f5a2fbc0c2fe99dbd04a13a19944a26ec4d8,5,2,1,N=5 M=2 t1,4,True,4,2,5192.0,2.0,5.0,8.0,6444.0,,5192.0
be3a5ef56240eb49764a9be72930f5a2fbc0c2fe99dbd04a13a19944a26ec4d8,5,2,1,N=5 M=2 t1,4,True,4,3,20723.0,2.0,6.0,9.0,24055.0,,25688.0
be3a5ef56240eb49764a9be72930f5a2fbc0c2fe99dbd04a13a19944a26ec4d8,5,2,1,N=5 M=2 t1,4,True,4,4,24481.0,1.0,4.0,8.0,25464.0,,24481.0
be3a5ef56240eb49764a9be72930f5a2fbc0c2fe99dbd04a13a19944a26ec4d8,5,3,1,N=5 M=3 t1,8,True,8,1,2416.0,2.0,3.0,5.0,77583.0,,4766.0
be3a5ef56240eb49764a9be72930f5a2fbc0c2fe99dbd04a13a19944a26ec4d8,5,3,1,N=5 M=3 t1,8,True,8,2,3682.0,2.0,6.0,9.0,6838.0,,4185.0
be3a5ef56240eb49764a9be72930f5a2fbc0c2fe99dbd04a13a19944a26ec4d8,5,3,1,N=5 M=3 t1,8,True,8,3,6659.0,3.0,6.0,10.0,12644.0,,10359.0
be3a5ef56240eb49764a9be72930f5a2fbc0c2fe99dbd04a13a19944a26ec4d8,5,3,1,N=5 M=3 t1,8,True,8,4,11292.0,2.0,7.0,11.0,12644.0,,11292.0
be3a5ef56240eb49764a9be72930f5a2fbc0c2fe99dbd04a13a19944a26ec4d8,5,3,1,N=5 M=3 t1,8,True,8,5,21960.0,1.0,6.0,10.0,22968.0,,21960.0
be3a5ef56240eb49764a9be72930f5a2fbc0c2fe99dbd04a13a19944a26ec4d8,5,3,1,N=5 M=3 t1,8,True,8,6,49761.0,1.0,6.0,10.0,51460.0,,50801.0
be3a5ef56240eb49764a9be72930f5a2fbc0c2fe99dbd04a13a19944a26ec4d8,5,3,1,N=5 M=3 t1,8,True,8,7,70858.0,1.0,4.0,8.0,71631.0,,70858.0
be3a5ef56240eb49764a9be72930f5a2fbc0c2fe99dbd04a13a19944a26ec4d8,5,3,1,N=5 M=3 t1,8,True,8,8,76629.0,1.0,4.0,8.0,77583.0,,79598.0
be3a5ef56240eb49764a9be72930f5a2fbc0c2fe99dbd04a13a19944a26ec4d8,5,4,1,N=5 M=4 t1,7,True,7,1,155.0,1.0,2.0,3.0,3678.0,,155.0
be3a5ef56240eb49764a9be72930f5a2fbc0c2fe99dbd04a13a19944a26ec4d8,5,4,1,N=5 M=4 t1,7,True,7,2,3962.0,1.0,4.0,6.0,5472.0,,3962.0
be3a5ef56240eb49764a9be72930f5a2fbc0c2fe99dbd04a13a19944a26ec4d8,5,4,1,N=5 M=4 t1,7,True,7,3,6117.0,2.0,3.0,6.0,,,
be3a5ef56240eb49764a9be72930f5a2fbc0c2fe99dbd04a13a19944a26ec4d8,5,4,1,N=5 M=4 t1,7,True,7,4,6257.0,2.0,4.0,8.0,18039.0,,16728.0
be3a5ef56240eb49764a9be72930f5a2fbc0c2fe99dbd04a13a19944a26ec4d8,5,4,1,N=5 M=4 t1,7,True,7,5,11813.0,1.0,3.0,6.0,13464.0,,11813.0
be3a5ef56240eb49764a9be72930f5a2fbc0c2fe99dbd04a13a19944a26ec4d8,5,4,1,N=5 M=4 t1,7,True,7,6,16660.0,1.0,5.0,9.0,18039.0,,16728.0
be3a5ef56240eb49764a9be72930f5a2fbc0c2fe99dbd04a13a19944a26ec4d8,5,4,1,N=5 M=4 t1,7,True,7,7,45629.0,1.0,4.0,8.0,47290.0,,49947.0
be3a5ef56240eb49764a9be72930f5a2fbc0c2fe99dbd04a13a19944a26ec4d8,6,1,1,N=6 M=1 t1,5,True,5,1,2727.0,1.0,3.0,5.0,3659.0,,2727.0
be3a5ef56240eb49764a9be72930f5a2fbc0c2fe99dbd04a13a19944a26ec4d8,6,1,1,N=6 M=1 t1,5,True,5,2,3647.0,1.0,3.0,6.0,4383.0,,3647.0
be3a5ef56240eb49764a9be72930f5a2fbc0c2fe99dbd04a13a19944a26ec4d8,6,1,1,N=6 M=1 t1,5,True,5,3,7585.0,1.0,4.0,8.0,9244.0,,10050.0
be3a5ef56240eb49764a9be72930f5a2fbc0c2fe99dbd04a13a19944a26ec4d8,6,1,1,N=6 M=1 t1,5,True,5,4,9429.0,1.0,5.0,10.0,10414.0,,
be3a5ef56240eb49764a9be72930f5a2fbc0c2fe99dbd04a13a19944a26ec4d8,6,1,1,N=6 M=1 t1,5,True,5,5,48412.0,1.0,4.0,8.0,49328.0,,48412.0
be3a5ef56240eb49764a9be72930f5a2fbc0c2fe99dbd04a13a19944a26ec4d8,6,2,1,N=6 M=2 t1,6,True,6,1,1143.0,1.0,1.0,2.0,2687.0,,1143.0
be3a5ef56240eb49764a9be72930f5a2fbc0c2fe99dbd04a13a19944a26ec4d8,6,2,1,N=6 M=2 t1,6,True,6,2,2937.0,2.0,2.0,4.0,4848.0,,2937.0
be3a5ef56240eb49764a9be72930f5a2fbc0c2fe99dbd04a13a19944a26ec4d8,6,2,1,N=6 M=2 t1,6,True,6,3,5646.0,1.0,3.0,6.0,6420.0,,7376.0
be3a5ef56240eb49764a9be72930f5a2fbc0c2fe99dbd04a13a19944a26ec4d8,6,2,1,N=6 M=2 t1,6,True,6,4,11114.0,1.0,5.0,8.0,11907.0,,12875.0
be3a5ef56240eb49764a9be72930f5a2fbc0c2fe99dbd04a13a19944a26ec4d8,6,2,1,N=6 M=2 t1,6,True,6,5,12785.0,1.0,5.0,9.0,14507.0,,12785.0
be3a5ef56240eb49764a9be72930f5a2fbc0c2fe99dbd04a13a19944a26ec4d8,6,2,1,N=6 M=2 t1,6,True,6,6,13498.0,2.0,6.0,11.0,14798.0,,13498.0
be3a5ef56240eb49764a9be72930f5a2fbc0c2fe99dbd04a13a19944a26ec4d8,6,3,1,N=6 M=3 t1,5,True,0,0,,,,,,,
be3a5ef56240eb49764a9be72930f5a2fbc0c2fe99dbd04a13a19944a26ec4d8,6,4,1,N=6 M=4 t1,5,True,5,1,6528.0,1.0,3.0,5.0,7423.0,,8273.0
be3a5ef56240eb49764a9be72930f5a2fbc0c2fe99dbd04a13a19944a26ec4d8,6,4,1,N=6 M=4 t1,5,True,5,2,6888.0,2.0,3.0,6.0,10376.0,,6888.0
be3a5ef56240eb49764a9be72930f5a2fbc0c2fe99dbd04a13a19944a26ec4d8,6,4,1,N=6 M=4 t1,5,True,5,3,29402.0,1.0,4.0,8.0,30157.0,,29402.0
be3a5ef56240eb49764a9be72930f5a2fbc0c2fe99dbd04a13a19944a26ec4d8,6,4,1,N=6 M=4 t1,5,True,5,4,44639.0,1.0,5.0,10.0,45612.0,,46785.0
be3a5ef56240eb49764a9be72930f5a2fbc0c2fe99dbd04a13a19944a26ec4d8,6,4,1,N=6 M=4 t1,5,True,5,5,84424.0,1.0,5.0,10.0,85164.0,,84424.0
be3a5ef56240eb49764a9be72930f5a2fbc0c2fe99dbd04a13a19944a26ec4d8,6,5,1,N=6 M=5 t1,9,True,9,1,1288.0,2.0,2.0,4.0,2760.0,,1288.0
be3a5ef56240eb49764a9be72930f5a2fbc0c2fe99dbd04a13a19944a26ec4d8,6,5,1,N=6 M=5 t1,9,True,9,2,5143.0,2.0,3.0,6.0,,,
be3a5ef56240eb49764a9be72930f5a2fbc0c2fe99dbd04a13a19944a26ec4d8,6,5,1,N=6 M=5 t1,9,True,9,3,5838.0,2.0,4.0,8.0,12537.0,,13599.0
be3a5ef56240eb49764a9be72930f5a2fbc0c2fe99dbd04a13a19944a26ec4d8,6,5,1,N=6 M=5 t1,9,True,9,4,8988.0,1.0,3.0,6.0,10152.0,,10529.0
be3a5ef56240eb49764a9be72930f5a2fbc0c2fe99dbd04a13a19944a26ec4d8,6,5,1,N=6 M=5 t1,9,True,9,5,10923.0,1.0,5.0,9.0,12537.0,,13599.0
be3a5ef56240eb49764a9be72930f5a2fbc0c2fe99dbd04a13a19944a26ec4d8,6,5,1,N=6 M=5 t1,9,True,9,6,29344.0,1.0,7.0,12.0,30820.0,,32651.0
be3a5ef56240eb49764a9be72930f5a2fbc0c2fe99dbd04a13a19944a26ec4d8,6,5,1,N=6 M=5 t1,9,True,9,7,48633.0,1.0,6.0,11.0,87580.0,,
be3a5ef56240eb49764a9be72930f5a2fbc0c2fe99dbd04a13a19944a26ec4d8,6,5,1,N=6 M=5 t1,9,True,9,8,85983.0,1.0,6.0,11.0,87580.0,,
be3a5ef56240eb49764a9be72930f5a2fbc0c2fe99dbd04a13a19944a26ec4d8,6,5,1,N=6 M=5 t1,9,True,9,9,114649.0,1.0,6.0,11.0,,,
d5aedd63c7ff00e66c30d6b4274c2ec79b2c6e1afcb5553017621423d348ee12,2,1,1,N=2 M=1 t1,0,False,0,0,,,,,,,
d5aedd63c7ff00e66c30d6b4274c2ec79b2c6e1afcb5553017621423d348ee12,3,1,1,N=3 M=1 t1,0,False,0,0,,,,,,,
d5aedd63c7ff00e66c30d6b4274c2ec79b2c6e1afcb5553017621423d348ee12,3,2,1,N=3 M=2 t1,0,False,0,0,,,,,,,
d5aedd63c7ff00e66c30d6b4274c2ec79b2c6e1afcb5553017621423d348ee12,4,1,1,N=4 M=1 t1,0,False,0,0,,,,,,,
d5aedd63c7ff00e66c30d6b4274c2ec79b2c6e1afcb5553017621423d348ee12,4,2,1,N=4 M=2 t1,0,False,0,0,,,,,,,
d5aedd63c7ff00e66c30d6b4274c2ec79b2c6e1afcb5553017621423d348ee12,4,3,1,N=4 M=3 t1,0,False,0,0,,,,,,,
d5aedd63c7ff00e66c30d6b4274c2ec79b2c6e1afcb5553017621423d348ee12,5,1,1,N=5 M=1 t1,0,False,0,0,,,,,,,
d5aedd63c7ff00e66c30d6b4274c2ec79b2c6e1afcb5553017621423d348ee12,5,2,1,N=5 M=2 t1,0,False,0,0,,,,,,,
d5aedd63c7ff00e66c30d6b4274c2ec79b2c6e1afcb5553017621423d348ee12,5,3,1,N=5 M=3 t1,0,False,0,0,,,,,,,
d5aedd63c7ff00e66c30d6b4274c2ec79b2c6e1afcb5553017621423d348ee12,5,4,1,N=5 M=4 t1,0,False,0,0,,,,,,,
d5aedd63c7ff00e66c30d6b4274c2ec79b2c6e1afcb5553017621423d348ee12,6,1,1,N=6 M=1 t1,3,True,3,1,5084.0,1.0,1.0,2.0,5827.0,,5084.0
d5aedd63c7ff00e66c30d6b4274c2ec79b2c6e1afcb5553017621423d348ee12,6,1,1,N=6 M=1 t1,3,True,3,2,8542.0,1.0,2.0,4.0,10682.0,,8542.0
d5aedd63c7ff00e66c30d6b4274c2ec79b2c6e1afcb5553017621423d348ee12,6,1,1,N=6 M=1 t1,3,True,3,3,22966.0,1.0,3.0,6.0,26636.0,23206.0,22966.0
d5aedd63c7ff00e66c30d6b4274c2ec79b2c6e1afcb5553017621423d348ee12,6,2,1,N=6 M=2 t1,3,True,3,1,3606.0,1.0,1.0,2.0,4464.0,,3606.0
d5aedd63c7ff00e66c30d6b4274c2ec79b2c6e1afcb5553017621423d348ee12,6,2,1,N=6 M=2 t1,3,True,3,2,6271.0,1.0,3.0,5.0,7193.0,,6271.0
d5aedd63c7ff00e66c30d6b4274c2ec79b2c6e1afcb5553017621423d348ee12,6,2,1,N=6 M=2 t1,3,True,3,3,7360.0,1.0,3.0,6.0,8360.0,7597.0,7360.0
d5aedd63c7ff00e66c30d6b4274c2ec79b2c6e1afcb5553017621423d348ee12,6,3,1,N=6 M=3 t1,4,True,4,1,3945.0,1.0,1.0,2.0,5523.0,,3945.0
d5aedd63c7ff00e66c30d6b4274c2ec79b2c6e1afcb5553017621423d348ee12,6,3,1,N=6 M=3 t1,4,True,4,2,6732.0,1.0,3.0,5.0,7508.0,,6732.0
d5aedd63c7ff00e66c30d6b4274c2ec79b2c6e1afcb5553017621423d348ee12,6,3,1,N=6 M=3 t1,4,True,4,3,21425.0,1.0,3.0,6.0,22338.0,,21425.0
d5aedd63c7ff00e66c30d6b4274c2ec79b2c6e1afcb5553017621423d348ee12,6,3,1,N=6 M=3 t1,4,True,4,4,87806.0,1.0,3.0,6.0,88562.0,,87806.0
d5aedd63c7ff00e66c30d6b4274c2ec79b2c6e1afcb5553017621423d348ee12,6,4,1,N=6 M=4 t1,4,True,4,1,5093.0,1.0,1.0,2.0,15819.0,,5093.0
d5aedd63c7ff00e66c30d6b4274c2ec79b2c6e1afcb5553017621423d348ee12,6,4,1,N=6 M=4 t1,4,True,4,2,7424.0,1.0,3.0,5.0,8128.0,,7424.0
d5aedd63c7ff00e66c30d6b4274c2ec79b2c6e1afcb5553017621423d348ee12,6,4,1,N=6 M=4 t1,4,True,4,3,7670.0,2.0,3.0,6.0,8396.0,,7670.0
d5aedd63c7ff00e66c30d6b4274c2ec79b2c6e1afcb5553017621423d348ee12,6,4,1,N=6 M=4 t1,4,True,4,4,45581.0,1.0,3.0,6.0,46659.0,,45581.0
d5aedd63c7ff00e66c30d6b4274c2ec79b2c6e1afcb5553017621423d348ee12,6,5,1,N=6 M=5 t1,3,True,3,1,5094.0,1.0,1.0,2.0,5858.0,,5094.0
d5aedd63c7ff00e66c30d6b4274c2ec79b2c6e1afcb5553017621423d348ee12,6,5,1,N=6 M=5 t1,3,True,3,2,6352.0,1.0,3.0,5.0,10196.0,,6352.0
d5aedd63c7ff00e66c30d6b4274c2ec79b2c6e1afcb5553017621423d348ee12,6,5,1,N=6 M=5 t1,3,True,3,3,12303.0,1.0,3.0,6.0,13396.0,,12303.0
